player_id,name,team,team_id,url,position,position_short,position_group,height_cm,shirt,age,country,preferred_foot,market_value_usd,market_value_eur,market_value,contract_end,league_name,league_group,season_league,season_year,All Competitions - Goals conceded,All Competitions - Saved penalties,All Competitions - Rating,All Competitions - Matches,All Competitions - Minutes played,All Competitions - Yellow cards,All Competitions - Red cards,Goalkeeping - Saves,Goalkeeping - Save percentage,Goalkeeping - Goals conceded,Goalkeeping - Goals prevented,Goalkeeping - Clean sheets,Goalkeeping - Penalty saves,Goalkeeping - Penalties conceded,Goalkeeping - Penalty save %,Goalkeeping - Error led to goal,Goalkeeping - Acted as sweeper,Goalkeeping - High claims,Distribution - Accurate passes,Distribution - Pass accuracy,Distribution - Accurate long balls,Distribution - Long ball accuracy,Distribution - xA,Discipline - Yellow cards,Discipline - Red cards,Selected Competition - Conceded,Selected Competition - Clean sheets,Selected Competition - Rating,Selected Competition - Matches,Selected Competition - Started,Selected Competition - Penalties saved,Goalkeeping - Saves (per90),Goalkeeping - Save percentage (per90),Goalkeeping - Goals conceded (per90),Goalkeeping - Goals prevented (per90),Goalkeeping - Clean sheets (per90),Goalkeeping - Penalty saves (per90),Goalkeeping - Penalties conceded (per90),Goalkeeping - Penalty save % (per90),Goalkeeping - Error led to goal (per90),Goalkeeping - Acted as sweeper (per90),Goalkeeping - High claims (per90),Distribution - Accurate passes (per90),Distribution - Pass accuracy (per90),Distribution - Accurate long balls (per90),Distribution - Long ball accuracy (per90),Distribution - xA (per90),Discipline - Yellow cards (per90),Discipline - Red cards (per90),All Competitions - Goals,All Competitions - Assists,All Competitions - Started,Shooting - Goals,Shooting - xG,Shooting - xG excl. penalty,Shooting - Shots,Passing - Assists,Passing - xA,Passing - Accurate passes,Passing - Pass accuracy,Passing - Accurate long balls,Passing - Long ball accuracy,Passing - Chances created,Passing - Big chances created,Passing - Successful crosses,Passing - Cross accuracy,Possession - Dribbles,Possession - Dribbles success rate,Possession - Duels won,Possession - Duels won %,Possession - Aerials won,Possession - Aerials won %,Possession - Touches,Possession - Touches in opposition box,Possession - Dispossessed,Possession - Fouls won,Defending - Defensive actions,Defending - Tackles,Defending - Interceptions,Defending - Blocked scoring attempt,Defending - Fouls committed,Defending - Recoveries,Defending - Possession won final 3rd,Defending - Dribbled past,Defending - Clearances,Defending - Clean sheets,Defending - Goals conceded while on pitch,Defending - xG against while on pitch,Selected Competition - Goals,Selected Competition - Assists,Selected Competition - Minutes,Shooting - Goals (per90),Shooting - xG (per90),Shooting - xG excl. penalty (per90),Shooting - Shots (per90),Passing - Assists (per90),Passing - xA (per90),Passing - Accurate passes (per90),Passing - Pass accuracy (per90),Passing - Accurate long balls (per90),Passing - Long ball accuracy (per90),Passing - Chances created (per90),Passing - Big chances created (per90),Passing - Successful crosses (per90),Passing - Cross accuracy (per90),Possession - Dribbles (per90),Possession - Dribbles success rate (per90),Possession - Duels won (per90),Possession - Duels won % (per90),Possession - Aerials won (per90),Possession - Aerials won % (per90),Possession - Touches (per90),Possession - Touches in opposition box (per90),Possession - Dispossessed (per90),Possession - Fouls won (per90),Defending - Defensive actions (per90),Defending - Tackles (per90),Defending - Interceptions (per90),Defending - Blocked scoring attempt (per90),Defending - Fouls committed (per90),Defending - Recoveries (per90),Defending - Possession won final 3rd (per90),Defending - Dribbled past (per90),Defending - Clearances (per90),Defending - Clean sheets (per90),Defending - Goals conceded while on pitch (per90),Defending - xG against while on pitch (per90),Shooting - xGOT,Shooting - Shots on target,Shooting - Headed shots,Shooting - xGOT (per90),Shooting - Shots on target (per90),Shooting - Headed shots (per90),Defending - Penalties conceded,Defending - Penalties conceded (per90),Possession - Penalties awarded,Possession - Penalties awarded (per90),Shooting - Penalty goals,Shooting - Penalty goals (per90),market_value_usd_raw
1346741,Javier Otero,Orlando City B,267810,https://www.fotmob.com/players/1346741/javier-otero,Keeper,GK,keepers,198 cm,12.0,23,Venezuela,,$167.2k,145813,€145.8k,,MLS,Eastern,MLS Next Pro,2026,3.0,1/1,6.23,1,90,0,0,4,40.0,6,-2.70,0,0,1,0.0,0,1,3,25,46.3,10,25.6,0.00,0,0,6,0,5.56,2,1,0/1,2.24,40.0,3.35,-1.51,0.0,0.0,0.56,0.0,0.0,0.56,1.68,13.98,46.3,5.59,25.64,0.0,0.0,0.0,,,,,,,,,,,,,,,,,,,,,,,,,,,,,,,,,,,,,,,,,,,,,,,,,,,,,,,,,,,,,,,,,,,,,,,,,,,,,,,,,,,,,,,,,,,167247.51
464919,Maxime Crépeau,Orlando City,267810,https://www.fotmob.com/players/464919/maxime-cr-peau,Keeper,GK,keepers,185 cm,71.0,32,Canada,Right,$1.2m,1015415,€1m,,MLS,Eastern,Major League Soccer,2026,38.0,0/2,6.46,14,1186,2,1,62,62.0,38,-0.69,0,0,2,0.0,0,8,15,201,71.0,45,36.3,0.00,2,1,38,0,6.46,14,14,0/2,4.7,62.0,2.88,-0.05,0.0,0.0,0.15,0.0,0.0,0.61,1.14,15.25,71.02,3.41,36.29,0.0,0.15,0.08,,,,,,,,,,,,,,,,,,,,,,,,,,,,,,,,,,,,,,,,,,,,,,,,,,,,,,,,,,,,,,,,,,,,,,,,,,,,,,,,,,,,,,,,,,,1164681.01
571685,Adrián Marin,Orlando City,267810,https://www.fotmob.com/players/571685/adri-n-marin,Center Back,CB,defenders,181 cm,3.0,29,Spain,Left,$754.9k,658179,€658.2k,2026-12-31,MLS,Eastern,Major League Soccer,2026,,,6.75,13,933,3,0,,,,,,,,,,,,,,,,,3,0,,,6.75,13,10,,,,,,,,,,,,,,,,,,0.29,0.0,0.0,3.0,10.0,0,0.09,0.09,1,3,0.63,409,81.6,14,26.9,7,1,4,44.4,2,40.0,40,59.7,10,52.6,683,5,1,7,76,21,12,7,11,30,1,3,36,0,25,23.49,0,3,933,0.0,0.01,0.01,0.1,0.29,0.06,39.45,81.64,1.35,26.92,0.68,0.1,0.39,44.44,0.19,40.0,3.86,59.7,0.96,52.63,65.88,0.48,0.1,0.68,7.33,2.03,1.16,0.68,1.06,2.89,0.1,0.29,3.47,0.0,2.41,2.27,,,,,,,,,,,,,754931.31
1110819,David Brekalo,Orlando City,267810,https://www.fotmob.com/players/1110819/david-brekalo,Center Back,CB,defenders,186 cm,4.0,27,Slovenia,Right,$2.5m,2197876,€2.2m,2027-12-31,MLS,Eastern,Major League Soccer,2026,,,5.98,11,797,2,0,,,,,,,,,,,,,,,,,2,0,,,5.98,11,9,,,,,,,,,,,,,,,,,,0.23,0.0,0.0,0.0,9.0,0,0.36,0.36,5,0,0.06,337,88.2,11,39.3,,,,,1,100.0,37,53.6,15,68.2,500,11,1,5,85,16,3,14,14,21,1,10,52,0,29,21.52,0,0,797,0.0,0.04,0.04,0.56,0.0,0.01,38.06,88.22,1.24,39.29,,,,,0.11,100.0,4.18,53.62,1.69,68.18,56.46,1.24,0.11,0.56,9.6,1.81,0.34,1.58,1.58,2.37,0.11,1.13,5.87,0.0,3.27,2.43,0.12,1,3,0.01,0.11,0.34,,,,,,,2520963.77
202179,Robin Jansson,Orlando City,267810,https://www.fotmob.com/players/202179/robin-jansson,Center Back,CB,defenders,185 cm,6.0,34,Sweden,,$258.4k,225291,€225.3k,2027-12-31,MLS,Eastern,Major League Soccer,2026,,,6.23,9,753,1,0,,,,,,,,,,,,,,,,,1,0,,,6.23,9,9,,,,,,,,,,,,,,,,,,0.12,0.0,0.0,0.0,9.0,0,,,0,0,0.08,426,88.9,23,42.6,1,,,,1,100.0,12,48.0,5,62.5,565,1,1,1,68,5,7,11,4,21,,5,45,0,19,15.73,0,0,753,0.0,,,0.0,0.0,0.01,50.92,88.94,2.75,42.59,0.12,,,,0.12,100.0,1.43,48.0,0.6,62.5,67.53,0.12,0.12,0.12,8.13,0.6,0.84,1.31,0.48,2.51,,0.6,5.38,0.0,2.27,1.88,,,,,,,1,0.12,,,,,258408.78
1724409,Zakaria Taifi,Orlando City B,267810,https://www.fotmob.com/players/1724409/zakaria-taifi,Right Back,RB,defenders,185 cm,19.0,20,USA,Right,$535.9k,467182,€467.2k,,MLS,Eastern,MLS Next Pro,2026,,,7.01,3,254,3,0,,,,,,,,,,,,,,,,,0,0,,,6.59,10,3,,,,,,,,,,,,,,,,,,0.0,0.0,1.0,0.0,3.0,0,0.23,0.23,5,2,0.84,78,78.8,2,14.3,3,2,1,20.0,,,18,54.5,3,75.0,188,8,2,9,28,6,5,2,3,7,,7,15,0,8,6.39,0,2,336,0.0,0.06,0.06,1.34,0.54,0.22,20.89,78.79,0.54,14.29,0.8,0.54,0.27,20.0,,,4.82,54.55,0.8,75.0,50.36,2.14,0.54,2.41,7.5,1.61,1.34,0.54,0.8,1.88,,1.88,4.02,0.0,2.14,1.71,0.33,3,,0.09,0.8,,,,,,,,535857.75
1900962,Nolan Miller,Orlando City,267810,https://www.fotmob.com/players/1900962/nolan-miller,Center Back,CB,defenders,188 cm,21.0,21,USA,,$96.3k,84000,€84k,2026-12-31,MLS,Eastern,Major League Soccer,2026,,,5.25,5,329,2,0,,,,,,,,,,,,,,,,,2,0,,,5.25,5,4,,,,,,,,,,,,,,,,,,0.55,0.0,0.0,0.0,4.0,0,0.07,0.07,1,0,0.01,154,90.1,2,22.2,,,,,,,10,66.7,8,100.0,208,2,2,1,23,2,2,2,1,8,,2,17,0,17,10.52,0,0,329,0.0,0.02,0.02,0.27,0.0,0.0,42.13,90.06,0.55,22.22,,,,,,,2.74,66.67,2.19,100.0,56.9,0.55,0.55,0.27,6.29,0.55,0.55,0.55,0.27,2.19,,0.55,4.65,0.0,4.65,2.88,,,1,,,0.27,1,0.27,,,,,96348.0
1023941,Griffin Dorsey,Orlando City,267810,https://www.fotmob.com/players/1023941/griffin-dorsey,Right Back,RB,defenders,182 cm,24.0,27,USA,Right,$1.1m,947790,€947.8k,2028-06-30,MLS,Eastern,Major League Soccer,2026,,,6.77,12,957,1,0,,,,,,,,,,,,,,,,,1,0,,,6.77,12,11,,,,,,,,,,,,,,,,,,0.09,0.0,2.0,1.0,11.0,2,1.64,1.64,12,1,0.48,199,76.2,6,20.7,9,1,4,15.4,3,33.3,45,54.2,10,43.5,509,27,10,9,64,23,9,8,8,32,2,2,24,0,30,23.83,2,1,957,0.19,0.15,0.15,1.13,0.09,0.05,18.71,76.25,0.56,20.69,0.85,0.09,0.38,15.38,0.28,33.33,4.23,54.22,0.94,43.48,47.87,2.54,0.94,0.85,6.02,2.16,0.85,0.75,0.75,3.01,0.19,0.19,2.26,0.0,2.82,2.24,1.77,5,2,0.17,0.47,0.19,,,,,,,1087115.13
1611215,Tahir Reid-Brown,Orlando City B,267810,https://www.fotmob.com/players/1611215/tahir-reid-brown,Left Back,LB,defenders,188 cm,29.0,19,USA,Left,$765.5k,667375,€667.4k,,MLS,Eastern,MLS Next Pro,2026,,,6.09,3,256,1,0,,,,,,,,,,,,,,,,,1,0,,,5.79,7,2,,,,,,,,,,,,,,,,,,0.41,0.0,0.0,0.0,3.0,0,,,0,0,0.02,75,84.3,3,33.3,,,,,1,33.3,8,36.4,1,16.7,130,1,1,4,9,2,2,,3,14,1,3,5,0,11,6.10,0,0,221,0.0,,,0.0,0.0,0.01,30.54,84.27,1.22,33.33,,,,,0.41,33.33,3.26,36.36,0.41,16.67,52.94,0.41,0.41,1.63,3.67,0.81,0.81,,1.22,5.7,0.41,1.22,2.04,0.0,4.48,2.48,,,,,,,,,,,,,765479.12
1780484,Bernardo Rhein,Orlando City B,267810,https://www.fotmob.com/players/1780484/bernardo-rhein-goncalves,Left Back,LB,defenders,173 cm,44.0,18,USA,,$34.4k,30000,€30k,,MLS,Eastern,MLS Next Pro,2026,,,7.36,13,1158,3,0,,,,,,,,,,,,,,,,,3,0,,,,1,0,,,,,,,,,,,,,,,,,,,,1.0,3.0,13.0,1.0,,,,3.0,,,,,,,,,,,,,,,,,,,,,,,,,,,,,,,,0,0,1,,,,,,,,,,,,,,,,,,,,,,,,,,,,,,,,,,,,,,,,,,,,,,,,,34410.0
1640272,Iago,Orlando City,267810,https://www.fotmob.com/players/1640272/iago,Center Back,CB,defenders,188 cm,57.0,21,Brazil,Right,$1.5m,1300000,€1.3m,,MLS,Eastern,Major League Soccer,2026,,,6.28,13,1006,4,0,,,,,,,,,,,,,,,,,4,0,,,6.28,13,11,,,,,,,,,,,,,,,,,,0.36,0.0,0.0,0.0,11.0,0,0.60,0.60,9,0,0.39,559,91.0,39,66.1,2,1,,,1,100.0,35,47.3,24,54.5,751,17,0,6,95,4,15,13,13,31,2,6,63,0,30,24.44,0,0,1006,0.0,0.05,0.05,0.81,0.0,0.03,50.01,91.04,3.49,66.1,0.18,0.09,,,0.09,100.0,3.13,47.3,2.15,54.55,67.19,1.52,0.0,0.54,8.5,0.36,1.34,1.16,1.16,2.77,0.18,0.54,5.64,0.0,2.68,2.19,0.22,2,5,0.02,0.18,0.45,,,1,0.09,,,1491100.0
1664779,Luis Otávio,Orlando City,267810,https://www.fotmob.com/players/1664779/luis-ot-vio,Central Midfielder,CM,midfielders,,5.0,19,Brazil,,$3.0m,2600000,€2.6m,,MLS,Eastern,Major League Soccer,2026,,,6.62,10,413,2,0,,,,,,,,,,,,,,,,,2,0,,,6.62,10,5,,,,,,,,,,,,,,,,,,0.44,0.0,1.0,0.0,5.0,1,0.59,0.59,4,0,0.10,148,79.6,10,55.6,1,,,,2,40.0,31,59.6,5,55.6,262,6,3,7,32,17,7,,6,27,2,5,8,0,17,10.86,1,0,413,0.22,0.13,0.13,0.87,0.0,0.02,32.25,79.57,2.18,55.56,0.22,,,,0.44,40.0,6.76,59.62,1.09,55.56,57.09,1.31,0.65,1.53,6.97,3.7,1.53,,1.31,5.88,0.44,1.09,1.74,0.0,3.7,2.37,0.45,3,1,0.1,0.65,0.22,1,0.22,,,,,2982200.0
1075065,Braian Ojeda,Orlando City,267810,https://www.fotmob.com/players/1075065/braian-ojeda,Defensive Midfielder,DM,midfielders,173 cm,8.0,25,Paraguay,Right,$2.7m,2326714,€2.3m,2029-06-30,MLS,Eastern,Major League Soccer,2026,,,6.61,15,1337,1,0,,,,,,,,,,,,,,,,,1,0,,,6.61,15,15,,,,,,,,,,,,,,,,,,0.07,0.0,0.0,1.0,15.0,0,0.41,0.41,11,1,0.62,577,89.6,29,67.4,9,1,,,9,56.2,66,52.4,7,46.7,834,17,13,32,57,18,18,8,19,83,7,13,13,0,42,33.18,0,1,1337,0.0,0.03,0.03,0.74,0.07,0.04,38.84,89.6,1.95,67.44,0.61,0.07,,,0.61,56.25,4.44,52.38,0.47,46.67,56.14,1.14,0.88,2.15,3.84,1.21,1.21,0.54,1.28,5.59,0.47,0.88,0.88,0.0,2.83,2.23,,,2,,,0.13,,,,,,,2668740.96
427216,Wilder Cartagena,Orlando City,267810,https://www.fotmob.com/players/427216/wilder-cartagena,midfielder,,midfielders,179 cm,16.0,31,Peru,Right,$758.4k,661205,€661.2k,2026-12-31,MLS,Eastern,Major League Soccer,2026,,,6.22,4,42,1,0,,,,,,,,,,,,,,,,,1,0,,,6.22,4,1,,,,,,,,,,,,,,,,,,2.14,0.0,0.0,0.0,1.0,0,,,0,0,0.00,27,79.4,3,60.0,,,,,,,8,47.1,2,66.7,50,1,4,3,6,4,1,,4,3,,,1,0,5,3.08,0,0,42,0.0,,,0.0,0.0,0.01,57.86,79.41,6.43,60.0,,,,,,,17.14,47.06,4.29,66.67,107.14,2.14,8.57,6.43,12.86,8.57,2.14,,8.57,6.43,,,2.14,0.0,10.71,6.59,,,,,,,,,,,,,758402.14
858036,Eduard Atuesta,Orlando City,267810,https://www.fotmob.com/players/858036/eduard-atuesta,Central Midfielder,CM,midfielders,180 cm,20.0,29,Colombia,Right,$1.7m,1467280,€1.5m,,MLS,Eastern,Major League Soccer,2026,,,6.57,11,678,4,0,,,,,,,,,,,,,,,,,4,0,,,6.57,11,8,,,,,,,,,,,,,,,,,,0.53,0.0,0.0,0.0,8.0,0,0.42,0.42,4,0,0.44,342,85.7,12,32.4,5,1,3,21.4,6,40.0,46,54.1,3,37.5,526,8,8,14,43,23,9,3,10,45,5,7,8,0,18,13.35,0,0,678,0.0,0.06,0.06,0.53,0.0,0.06,45.4,85.71,1.59,32.43,0.66,0.13,0.4,21.43,0.8,40.0,6.11,54.12,0.4,37.5,69.82,1.06,1.06,1.86,5.71,3.05,1.19,0.4,1.33,5.97,0.66,0.93,1.06,0.0,2.39,1.77,0.32,2,,0.04,0.27,,,,,,,,1682970.16
1626138,Justin Ellis,Orlando City B,267810,https://www.fotmob.com/players/1626138/justin-ellis,Attacking Midfielder,AM,midfielders,182 cm,22.0,19,USA,Right,$263.8k,230000,€230k,,MLS,Eastern,MLS Next Pro,2026,,,8.01,4,356,0,0,,,,,,,,,,,,,,,,,0,0,,,7.07,8,7,,,,,,,,,,,,,,,,,,0.0,0.0,3.0,2.0,4.0,1,0.86,0.86,9,2,0.75,112,76.7,7,53.8,10,3,,,17,85.0,36,56.2,6,50.0,234,21,15,10,7,4,1,,2,13,2,2,2,0,10,11.30,1,2,539,0.17,0.14,0.14,1.5,0.33,0.13,18.7,76.71,1.17,53.85,1.67,0.5,,,2.84,85.0,6.01,56.25,1.0,50.0,39.07,3.51,2.5,1.67,1.17,0.67,0.17,,0.33,2.17,0.33,0.33,0.33,0.0,1.67,1.89,1.94,5,1,0.32,0.83,0.17,,,,,,,263810.0
1624002,Colin Guske,Orlando City B,267810,https://www.fotmob.com/players/1624002/colin-guske,Defensive Midfielder,DM,midfielders,183 cm,25.0,19,USA,,$1.1m,978470,€978.5k,,MLS,Eastern,MLS Next Pro,2026,,,7.96,3,229,0,0,,,,,,,,,,,,,,,,,0,1,,,5.75,6,2,,,,,,,,,,,,,,,,,,0.0,0.32,0.0,1.0,3.0,0,0.01,0.01,1,0,0.05,124,81.6,3,18.8,1,,,,,,12,50.0,,,202,,2,8,23,4,6,2,6,7,,2,11,0,12,10.09,0,0,284,0.0,0.0,0.0,0.32,0.0,0.02,39.3,81.58,0.95,18.75,0.32,,,,,,3.8,50.0,,,64.01,,0.63,2.54,7.29,1.27,1.9,0.63,1.9,2.22,,0.63,3.49,0.0,3.8,3.2,,,,,,,,,,,,,1122305.09
1717122,Joran Gerbet,Orlando City,267810,https://www.fotmob.com/players/1717122/joran-gerbet,Central Midfielder,CM,midfielders,180 cm,35.0,24,France,,$290.8k,253567,€253.6k,2026-12-31,MLS,Eastern,Major League Soccer,2025,,,6.92,20,1116,2,0,,,,,,,,,,,,,,,,,2,0,,,6.92,20,13,,,,,,,,,,,,,,,,,,0.16,0.0,0.0,1.0,13.0,0,0.05,0.05,3,1,0.57,527,90.1,31,70.5,5,,,,5,71.4,72,62.1,20,48.8,735,3,4,25,64,23,14,6,12,49,5,5,,5,18,17.32,0,1,1116,0.0,0.0,0.0,0.24,0.08,0.05,42.5,90.09,2.5,70.45,0.4,,,,0.4,71.43,5.81,62.07,1.61,48.78,59.27,0.24,0.32,2.02,5.16,1.85,1.13,0.48,0.97,3.95,0.4,0.4,,0.4,1.45,1.4,,,,,,,,,1,0.08,,,290841.35
1780483,Dylan Judelson,Orlando City B,267810,https://www.fotmob.com/players/1780483/dylan-judelson,Defensive Midfielder,DM,midfielders,180 cm,41.0,18,Canada,Right,$57.4k,50000,€50k,,MLS,Eastern,MLS Next Pro,2026,,,6.94,9,757,3,0,,,,,,,,,,,,,,,,,3,0,,,6.94,9,9,,,,,,,,,,,,,,,,,,0.36,0.0,1.0,0.0,9.0,1,,,8,0,,428,89.9,32,62.7,4,1,,,3,75.0,31,53.4,1,33.3,567,8,3,13,31,14,8,3,15,52,,6,6,1,14,,1,0,757,0.12,,,0.95,0.0,,50.89,89.92,3.8,62.75,0.48,0.12,,,0.36,75.0,3.69,53.45,0.12,33.33,67.41,0.95,0.36,1.55,3.69,1.66,0.95,0.36,1.78,6.18,,0.71,0.71,0.12,1.66,,,3,,,0.36,,,,,,,,57350.0
964608,Iván Angulo,Orlando City,267810,https://www.fotmob.com/players/964608/iv-n-angulo,Left Midfielder,LM,midfielders,170 cm,77.0,27,Colombia,,$1.9m,1631857,€1.6m,2026-12-31,MLS,Eastern,Major League Soccer,2026,,,7.1,15,1289,2,0,,,,,,,,,,,,,,,,,2,0,,,7.10,15,14,,,,,,,,,,,,,,,,,,0.14,0.0,0.0,4.0,14.0,0,1.64,1.64,9,4,2.28,462,87.0,17,65.4,19,5,4,25.0,21,36.2,60,43.8,1,12.5,791,30,10,13,46,25,12,2,15,88,7,8,7,0,40,29.99,0,4,1289,0.0,0.11,0.11,0.63,0.28,0.16,32.26,87.01,1.19,65.38,1.33,0.35,0.28,25.0,1.47,36.21,4.19,43.8,0.07,12.5,55.23,2.09,0.7,0.91,3.21,1.75,0.84,0.14,1.05,6.14,0.49,0.56,0.49,0.0,2.79,2.09,0.91,5,1,0.06,0.35,0.07,,,,,,,1871739.98
1727842,Ignacio Gómez,Orlando City B,267810,https://www.fotmob.com/players/1727842/ignacio-g-mez,Defensive Midfielder,DM,midfielders,181 cm,80.0,20,Argentina,Right,$34.4k,30000,€30k,,MLS,Eastern,MLS Next Pro,2026,,,6.9,9,640,1,0,,,,,,,,,,,,,,,,,1,0,,,7.57,2,0,,,,,,,,,,,,,,,,,,,,2.0,0.0,8.0,2.0,,,,0.0,,,,,,,,,,,,,,,,,,,,,,,,,,,,,,,,1,0,13,,,,,,,,,,,,,,,,,,,,,,,,,,,,,,,,,,,,,,,,,,,,,,,,,34410.0
1199714,Marco Pasalic,Orlando City,267810,https://www.fotmob.com/players/1199714/marco-pasalic,Right Midfielder,RM,midfielders,177 cm,87.0,25,Croatia,Left,$7.5m,6568028,€6.6m,2027-12-31,MLS,Eastern,Major League Soccer,2026,,,6.47,10,644,3,0,,,,,,,,,,,,,,,,,3,0,,,6.47,10,8,,,,,,,,,,,,,,,,,,0.42,0.0,2.0,0.0,8.0,2,1.01,1.01,12,0,0.80,156,80.8,7,38.9,5,,2,20.0,11,52.4,23,33.3,3,25.0,327,23,15,7,13,2,5,,8,15,2,7,6,0,25,18.59,2,0,644,0.28,0.14,0.14,1.68,0.0,0.11,21.8,80.83,0.98,38.89,0.7,,0.28,20.0,1.54,52.38,3.21,33.33,0.42,25.0,45.7,3.21,2.1,0.98,1.82,0.28,0.7,,1.12,2.1,0.28,0.98,0.84,0.0,3.49,2.6,1.05,4,,0.15,0.56,,,,,,,,7533528.12
184138,Antoine Griezmann,Orlando City,267810,https://www.fotmob.com/players/184138/antoine-griezmann,Striker,ST,attackers,174 cm,,35,France,Left,$10.2m,8851218,€8.9m,,MLS,Eastern,LaLiga,2025/2026,,,6.9,34,1468,1,0,,,,,,,,,,,,,,,,,1,0,,,6.90,34,13,,,,,,,,,,,,,,,,,,0.06,0.0,7.0,4.0,13.0,7,7.61,7.61,47,4,4.15,602,82.5,32,65.3,31,9,22,26.5,9,34.6,44,41.9,11,35.5,1052,79,9,10,37,14,8,2,4,64,10,11,13,2,21,26.29,7,4,1468,0.43,0.47,0.47,2.88,0.25,0.25,36.91,82.47,1.96,65.31,1.9,0.55,1.35,26.51,0.55,34.62,2.7,41.9,0.67,35.48,64.5,4.84,0.55,0.61,2.27,0.86,0.49,0.12,0.25,3.92,0.61,0.67,0.8,0.12,1.29,1.61,9.22,25,5,0.57,1.53,0.31,,,,,,,10152347.05
1681901,Pedro Leão,Orlando City B,267810,https://www.fotmob.com/players/1681901/pedro-le-o,Striker,ST,attackers,183 cm,90.0,19,Brazil,,$34.4k,30000,€30k,,MLS,Eastern,MLS Next Pro,2026,,,7.42,11,910,3,0,,,,,,,,,,,,,,,,,3,0,,,,1,0,,,,,,,,,,,,,,,,,,,,7.0,1.0,11.0,7.0,,,,1.0,,,,,,,,,,,,,,,,,,,,,,,,,,,,,,,,0,0,6,,,,,,,,,,,,,,,,,,,,,,,,,,,,,,,,,,,,,,,,,,,,,,,,,34410.0
20521,Martín Ojeda,Orlando City,267810,https://www.fotmob.com/players/20521/mart-n-ojeda,Striker,ST,attackers,173 cm,10.0,27,Argentina,Left,$6.7m,5872875,€5.9m,2029-06-30,MLS,Eastern,Major League Soccer,2026,,,7.41,15,1315,1,0,,,,,,,,,,,,,,,,,1,0,,,7.41,15,15,,,,,,,,,,,,,,,,,,0.07,0.0,11.0,0.0,15.0,11,6.97,4.61,49,0,3.74,407,79.3,34,64.2,23,2,22,29.3,9,34.6,30,39.0,3,33.3,764,55,13,16,10,2,1,3,4,42,7,7,4,0,44,33.29,11,0,1315,0.75,0.48,0.32,3.35,0.0,0.26,27.86,79.34,2.33,64.15,1.57,0.14,1.51,29.33,0.62,34.62,2.05,38.96,0.21,33.33,52.29,3.76,0.89,1.1,0.68,0.14,0.07,0.21,0.27,2.87,0.48,0.48,0.27,0.0,3.01,2.28,9.60,24,1,0.66,1.64,0.07,,,1,0.07,3,0.21,6736187.62
1660393,Tiago Carvalho,Orlando City,267810,https://www.fotmob.com/players/1660393/tiago-carvalho,Striker,ST,attackers,,11.0,21,Brazil,,$3.8m,3300000,€3.3m,,MLS,Eastern,Major League Soccer,2026,,,6.64,13,583,3,0,,,,,,,,,,,,,,,,,3,0,,,6.64,13,8,,,,,,,,,,,,,,,,,,0.46,0.0,1.0,1.0,8.0,1,1.92,1.92,10,1,0.53,89,71.8,4,44.4,3,1,3,27.3,5,41.7,45,52.3,11,47.8,262,32,5,16,36,14,6,2,17,12,4,2,14,0,20,13.22,1,1,583,0.15,0.3,0.3,1.54,0.15,0.08,13.74,71.77,0.62,44.44,0.46,0.15,0.46,27.27,0.77,41.67,6.95,52.33,1.7,47.83,40.45,4.94,0.77,2.47,5.56,2.16,0.93,0.31,2.62,1.85,0.62,0.31,2.16,0.0,3.09,2.04,1.35,3,3,0.21,0.46,0.46,,,1,0.15,,,3785100.0
1439982,Duncan McGuire,Orlando City,267810,https://www.fotmob.com/players/1439982/duncan-mcguire,Striker,ST,attackers,185 cm,13.0,25,USA,Right,$2.1m,1819058,€1.8m,2027-12-31,MLS,Eastern,Major League Soccer,2026,,,6.36,11,479,1,0,,,,,,,,,,,,,,,,,1,0,,,6.36,11,4,,,,,,,,,,,,,,,,,,0.19,0.0,2.0,0.0,4.0,2,2.43,2.43,10,0,0.28,77,67.0,3,37.5,6,2,1,100.0,1,50.0,18,32.7,9,28.1,176,22,2,6,11,3,1,1,6,10,,6,6,0,18,14.35,2,0,479,0.38,0.46,0.46,1.88,0.0,0.05,14.47,66.96,0.56,37.5,1.13,0.38,0.19,100.0,0.19,50.0,3.38,32.73,1.69,28.12,33.07,4.13,0.38,1.13,2.07,0.56,0.19,0.19,1.13,1.88,,1.13,1.13,0.0,3.38,2.7,2.67,7,1,0.5,1.32,0.19,,,,,,,2086459.53
1600850,Tyrese Spicer,Orlando City,267810,https://www.fotmob.com/players/1600850/tyrese-spicer,Left Winger,LW,attackers,185 cm,14.0,25,Trinidad and Tobago,Left,$378.1k,329622,€329.6k,2028-06-30,MLS,Eastern,Major League Soccer,2026,,,6.88,11,439,1,0,,,,,,,,,,,,,,,,,1,0,,,6.88,11,4,,,,,,,,,,,,,,,,,,0.21,0.0,2.0,1.0,4.0,2,1.74,1.74,14,1,0.50,50,64.9,3,33.3,7,1,2,9.1,10,50.0,36,61.0,5,55.6,224,18,4,5,30,16,6,1,3,11,1,2,7,0,13,12.09,2,1,439,0.41,0.36,0.36,2.87,0.21,0.1,10.25,64.94,0.62,33.33,1.44,0.21,0.41,9.09,2.05,50.0,7.38,61.02,1.03,55.56,45.92,3.69,0.82,1.03,6.15,3.28,1.23,0.21,0.62,2.26,0.21,0.41,1.44,0.0,2.67,2.48,1.85,5,2,0.38,1.03,0.41,,,,,,,378076.43
1905213,Harvey Sarajian,Orlando City B,267810,https://www.fotmob.com/players/1905213/harvey-sarajian,Left Winger,LW,attackers,188 cm,23.0,21,USA,,$68.8k,60000,€60k,,MLS,Eastern,MLS Next Pro,2026,,,7.87,11,966,2,0,,,,,,,,,,,,,,,,,2,0,,,6.46,2,0,,,,,,,,,,,,,,,,,,,,5.0,5.0,11.0,5.0,,,,5.0,,,,,,,,,,,,,,,,,,,,,,,,,,,,,,,,0,0,11,,,,,,,,,,,,,,,,,,,,,,,,,,,,,,,,,,,,,,,,,,,,,,,,,68820.0
1624044,Yutaro Tsukada,Orlando City B,267810,https://www.fotmob.com/players/1624044/yutaro-tsukada,Left Winger,LW,attackers,180 cm,34.0,24,Japan,,$283.8k,247438,€247.4k,,MLS,Eastern,MLS Next Pro,2026,,,7.18,3,200,0,0,,,,,,,,,,,,,,,,,0,0,,,5.93,2,0,,,,,,,,,,,,,,,,,,,,0.0,0.0,3.0,0.0,,,,0.0,,,,,,,,,,,,,,,,,,,,,,,,,,,,,,,,0,0,22,,,,,,,,,,,,,,,,,,,,,,,,,,,,,,,,,,,,,,,,,,,,,,,,,283811.39
1717121,Gustavo Caraballo,Orlando City,267810,https://www.fotmob.com/players/1717121/gustavo-caraballo,Right Winger,RW,attackers,,65.0,17,Venezuela,Left,$1.2m,1035601,€1m,2027-12-31,MLS,Eastern,Major League Soccer,2025,,,,5,13,0,0,,,,,,,,,,,,,,,,,2,0,,,7.62,9,7,,,,,,,,,,,,,,,,,,0.27,0.0,0.0,0.0,0.0,4,,,22,2,,188,78.0,23,79.3,19,4,16,38.1,22,48.9,48,46.2,,,459,24,17,18,11,8,2,,9,31,,5,1,1,14,,4,2,660,0.55,,,3.0,0.27,,25.64,78.01,3.14,79.31,2.59,0.55,2.18,38.1,3.0,48.89,6.55,46.15,,,62.59,3.27,2.32,2.45,1.5,1.09,0.27,,1.23,4.23,,0.68,0.14,0.14,1.91,,,10,,,1.36,,,,1,0.14,2,0.27,1187834.35
