player_id,name,team,team_id,url,position,position_short,position_group,height_cm,shirt,age,country,preferred_foot,market_value_usd,market_value_eur,market_value,contract_end,league_name,league_group,season_league,season_year,All Competitions - Clean sheets,All Competitions - Goals conceded,All Competitions - Rating,All Competitions - Matches,All Competitions - Minutes played,All Competitions - Yellow cards,All Competitions - Red cards,Goalkeeping - Saves,Goalkeeping - Save percentage,Goalkeeping - Goals conceded,Goalkeeping - Goals prevented,Goalkeeping - Clean sheets,Goalkeeping - Error led to goal,Goalkeeping - Acted as sweeper,Goalkeeping - High claims,Distribution - Accurate passes,Distribution - Pass accuracy,Distribution - Accurate long balls,Distribution - Long ball accuracy,Distribution - Chances created,Distribution - xA,Discipline - Yellow cards,Discipline - Red cards,Selected Competition - Conceded,Selected Competition - Clean sheets,Selected Competition - Rating,Selected Competition - Matches,Selected Competition - Started,Selected Competition - Penalties saved,Goalkeeping - Saves (per90),Goalkeeping - Save percentage (per90),Goalkeeping - Goals conceded (per90),Goalkeeping - Goals prevented (per90),Goalkeeping - Clean sheets (per90),Goalkeeping - Error led to goal (per90),Goalkeeping - Acted as sweeper (per90),Goalkeeping - High claims (per90),Distribution - Accurate passes (per90),Distribution - Pass accuracy (per90),Distribution - Accurate long balls (per90),Distribution - Long ball accuracy (per90),Distribution - Chances created (per90),Distribution - xA (per90),Discipline - Yellow cards (per90),Discipline - Red cards (per90),Goalkeeping - Penalty saves,Goalkeeping - Penalties conceded,Goalkeeping - Penalty save %,Goalkeeping - Penalty saves (per90),Goalkeeping - Penalties conceded (per90),Goalkeeping - Penalty save % (per90),All Competitions - Goals,All Competitions - Assists,All Competitions - Started,Shooting - Goals,Shooting - Shots,Passing - Assists,Passing - Accurate passes,Passing - Pass accuracy,Passing - Accurate long balls,Passing - Long ball accuracy,Passing - Chances created,Passing - Successful crosses,Passing - Cross accuracy,Possession - Dribbles,Possession - Dribbles success rate,Possession - Duels won,Possession - Duels won %,Possession - Aerials won,Possession - Aerials won %,Possession - Touches,Possession - Dispossessed,Defending - Defensive actions,Defending - Tackles,Defending - Interceptions,Defending - Blocked scoring attempt,Defending - Fouls committed,Defending - Recoveries,Defending - Dribbled past,Defending - Clearances,Defending - Clean sheets,Defending - Goals conceded while on pitch,Selected Competition - Goals,Selected Competition - Assists,Selected Competition - Minutes,Shooting - Goals (per90),Shooting - Shots (per90),Passing - Assists (per90),Passing - Accurate passes (per90),Passing - Pass accuracy (per90),Passing - Accurate long balls (per90),Passing - Long ball accuracy (per90),Passing - Chances created (per90),Passing - Successful crosses (per90),Passing - Cross accuracy (per90),Possession - Dribbles (per90),Possession - Dribbles success rate (per90),Possession - Duels won (per90),Possession - Duels won % (per90),Possession - Aerials won (per90),Possession - Aerials won % (per90),Possession - Touches (per90),Possession - Dispossessed (per90),Defending - Defensive actions (per90),Defending - Tackles (per90),Defending - Interceptions (per90),Defending - Blocked scoring attempt (per90),Defending - Fouls committed (per90),Defending - Recoveries (per90),Defending - Dribbled past (per90),Defending - Clearances (per90),Defending - Clean sheets (per90),Defending - Goals conceded while on pitch (per90),Shooting - xG,Shooting - xG excl. penalty,Shooting - Headed shots,Passing - xA,Possession - Touches in opposition box,Possession - Fouls won,Defending - Possession won final 3rd,Defending - xG against while on pitch,Shooting - xG (per90),Shooting - xG excl. penalty (per90),Shooting - Headed shots (per90),Passing - xA (per90),Possession - Touches in opposition box (per90),Possession - Fouls won (per90),Defending - Possession won final 3rd (per90),Defending - xG against while on pitch (per90),Shooting - xGOT,Shooting - Shots on target,Shooting - xGOT (per90),Shooting - Shots on target (per90),Passing - Big chances created,Passing - Big chances created (per90),Shooting - Penalty goals,Possession - Penalties awarded,Shooting - Penalty goals (per90),Possession - Penalties awarded (per90),market_value_usd_raw
525631,Andre Blake,Philadelphia Union,191716,https://www.fotmob.com/players/525631/andre-blake,Keeper,GK,keepers,193 cm,18,35,Jamaica,Right,$113.8k,99231,€99.2k,2026-12-31,MLS,Eastern,Major League Soccer,2026,2.0,26.0,6.42,14,1260,0,0,28,51.9,26,-4.42,2,0,7,7,260,76.9,76,49.7,1,0.04,0,0,26,2,6.42,14,14,0/0,2.0,51.85,1.86,-0.32,0.14,0.0,0.5,0.5,18.57,76.92,5.43,49.67,0.07,0.0,0.0,0.0,,,,,,,,,,,,,,,,,,,,,,,,,,,,,,,,,,,,2.0,,,,,,,,,,,,,,,,,,,,,,,,,,,,,,,,,,,,,,,,,,,,,,,,,,,,,,,,,,,113817.96
1338676,George Marks,Philadelphia Union II,191716,https://www.fotmob.com/players/1338676/george-marks,Keeper,GK,keepers,185 cm,31,26,USA,Right,$226.8k,197716,€197.7k,,MLS,Eastern,MLS Next Pro,2026,2.0,4.0,7.46,5,450,2,0,21,84.0,4,,2,1,5,5,113,67.3,27,33.8,,,2,0,4,2,7.46,5,5,0/0,4.2,84.0,0.8,,0.4,0.2,1.0,1.0,22.6,67.26,5.4,33.75,,,0.4,0.0,,,,,,,,,,,,,,,,,,,,,,,,,,,,,,,,,,,,2.0,,,,,,,,,,,,,,,,,,,,,,,,,,,,,,,,,,,,,,,,,,,,,,,,,,,,,,,,,,,226780.25
1617260,Andrew Rick,Philadelphia Union II,191716,https://www.fotmob.com/players/1617260/andrew-rick,Keeper,GK,keepers,188 cm,74,20,USA,,$1.1m,980555,€980.6k,,MLS,Eastern,MLS Next Pro,2026,,4.0,6.51,3,270,0,0,2,33.3,4,-1.45,0,0,,,17,81.0,5,55.6,,0.00,1,0,4,0,4.09,1,1,0/1,2.0,33.33,4.0,-1.45,0.0,0.0,,,17.0,80.95,5.0,55.56,,0.0,1.0,0.0,0,1,0.0,0.0,1.0,0.0,,,,,,,,,,,,,,,,,,,,,,,,,,,,,,,,,,,,,,,,,,,,,,,,,,,,,,,,,,,,,,,,,,,,,,,,,,,,,,,,,,,,,,,,,1124696.58
1668442,Kaiden Moore,Philadelphia Union II,191716,https://www.fotmob.com/players/1668442/kaiden-moore,Center Back,CB,defenders,,46,19,USA,,$34.4k,30000,€30k,,MLS,Eastern,MLS Next Pro,2026,,,6.62,6,325,0,0,,,,,,,,,,,,,,,0,0,,,6.62,6,3,,,,,,,,,,,,,,,,0.0,0.0,,,,,,,0.0,1.0,3.0,0,0,1,121,79.6,2,10.5,1,1,20.0,3,100.0,12,38.7,5,45.5,210,1,20,4,2,1,10,12,2,13,0,4,0,1,325,0.0,0.0,0.28,33.51,79.61,0.55,10.53,0.28,0.28,20.0,0.83,100.0,3.32,38.71,1.38,45.45,58.15,0.28,5.54,1.11,0.55,0.28,2.77,3.32,0.55,3.6,0.0,1.11,,,,,,,,,,,,,,,,,,,,,,,,,,,34410.0
1686706,Geiner Martínez,Philadelphia Union,191716,https://www.fotmob.com/players/1686706/geiner-mart-nez,Center Back,CB,defenders,189 cm,2,23,Colombia,Right,$371.7k,324096,€324.1k,2028-06-30,MLS,Eastern,Major League Soccer,2026,,,6.43,7,458,2,0,,,,,,,,,,,,,,,2,0,,,6.43,7,4,,,,,,,,,,,,,,,,0.39,0.0,,,,,,,0.0,0.0,4.0,0,3,0,133,80.6,10,35.7,1,,,2,50.0,21,52.5,4,50.0,240,3,41,13,9,1,10,23,1,18,0,12,0,0,458,0.0,0.59,0.0,26.14,80.61,1.97,35.71,0.2,,,0.39,50.0,4.13,52.5,0.79,50.0,47.16,0.59,8.06,2.55,1.77,0.2,1.97,4.52,0.2,3.54,0.0,2.36,0.79,0.79,1,0.04,4,2,1,9.14,0.16,0.16,0.2,0.01,0.79,0.39,0.2,1.8,,,,,,,,,,,371738.11
1052987,Japhet Sery Larsen,Philadelphia Union,191716,https://www.fotmob.com/players/1052987/japhet-sery-larsen,Center Back,CB,defenders,,5,26,Denmark,Right,$1.2m,1039261,€1m,2029-06-30,MLS,Eastern,Major League Soccer,2026,,,6.65,10,733,4,1,,,,,,,,,,,,,,,4,1,,,6.65,10,9,,,,,,,,,,,,,,,,0.49,0.12,,,,,,,1.0,0.0,9.0,1,2,0,250,78.6,22,39.3,2,,,1,100.0,36,50.0,8,50.0,430,3,67,15,15,4,22,37,5,33,1,12,1,0,733,0.12,0.25,0.0,30.7,78.62,2.7,39.29,0.25,,,0.12,100.0,4.42,50.0,0.98,50.0,52.8,0.37,8.23,1.84,1.84,0.49,2.7,4.54,0.61,4.05,0.12,1.47,0.13,0.13,1,0.52,10,12,1,9.98,0.02,0.02,0.12,0.06,1.23,1.47,0.12,1.23,0.10,2,0.01,0.25,,,,,,,1192032.37
1748225,Philippe Ossibadjouo,Philadelphia Union,191716,https://www.fotmob.com/players/1748225/philippe-ossibadjouo,Left Back,LB,defenders,,20,21,France,Right,$1.7m,1500000,€1.5m,,MLS,Eastern,Major League Soccer,2026,,,5.49,6,220,1,0,,,,,,,,,,,,,,,1,0,,,5.49,6,3,,,,,,,,,,,,,,,,0.41,0.0,,,,,,,0.0,0.0,3.0,0,3,0,64,76.2,1,12.5,2,1,16.7,1,12.5,15,35.7,3,42.9,172,3,14,6,2,1,9,16,4,5,0,8,0,0,220,0.0,1.23,0.0,26.18,76.19,0.41,12.5,0.82,0.41,16.67,0.41,12.5,6.14,35.71,1.23,42.86,70.36,1.23,5.73,2.45,0.82,0.41,3.68,6.55,1.64,2.05,0.0,3.27,0.20,0.20,,0.19,2,5,2,5.28,0.08,0.08,,0.08,0.82,2.05,0.82,2.16,0.07,1,0.03,0.41,1,0.41,,,,,1720500.0
1078071,Nathan Harriel,Philadelphia Union,191716,https://www.fotmob.com/players/1078071/nathan-harriel,Right Back,RB,defenders,178 cm,26,25,USA,Right,$1.2m,1045420,€1m,2026-12-31,MLS,Eastern,Major League Soccer,2026,,,7.05,15,1350,2,0,,,,,,,,,,,,,,,2,0,,,7.05,15,15,,,,,,,,,,,,,,,,0.13,0.0,,,,,,,1.0,1.0,15.0,1,16,1,404,73.3,20,32.3,6,2,8.0,7,70.0,133,63.0,65,71.4,979,7,149,36,47,3,23,57,20,63,2,30,1,1,1350,0.07,1.07,0.07,26.93,73.32,1.33,32.26,0.4,0.13,8.0,0.47,70.0,8.87,63.03,4.33,71.43,65.27,0.47,9.93,2.4,3.13,0.2,1.53,3.8,1.33,4.2,0.13,2.0,1.79,1.79,6,0.85,43,25,4,24.46,0.12,0.12,0.4,0.06,2.87,1.67,0.27,1.63,1.20,4,0.08,0.27,2,0.13,,,,,1199096.74
1469826,Olwethu Makhanya,Philadelphia Union,191716,https://www.fotmob.com/players/1469826/olwethu-makhanya,Center Back,CB,defenders,185 cm,29,22,South Africa,Right,$2.0m,1770272,€1.8m,2027-12-31,MLS,Eastern,Major League Soccer,2026,,,6.78,13,1170,4,1,,,,,,,,,,,,,,,4,1,,,6.78,13,13,,,,,,,,,,,,,,,,0.31,0.08,,,,,,,0.0,0.0,13.0,0,6,0,545,79.6,43,43.4,6,1,50.0,5,83.3,69,56.6,32,66.7,908,13,112,30,16,6,14,85,9,60,2,22,0,0,1170,0.0,0.46,0.0,41.92,79.56,3.31,43.43,0.46,0.08,50.0,0.38,83.33,5.31,56.56,2.46,66.67,69.85,1.0,8.62,2.31,1.23,0.46,1.08,6.54,0.69,4.62,0.15,1.69,0.30,0.30,3,0.60,23,2,2,17.52,0.02,0.02,0.23,0.05,1.77,0.15,0.15,1.35,0.50,1,0.04,0.08,,,,,,,2030501.98
1483557,Giovanny Sequera,Philadelphia Union II,191716,https://www.fotmob.com/players/1483557/giovanny-sequera,Right Back,RB,defenders,170 cm,38,20,Venezuela,Right,$854.0k,744522,€744.5k,,MLS,Eastern,MLS Next Pro,2026,,,7.16,11,830,6,0,,,,,,,,,,,,,,,0,0,,,7.45,1,1,,,,,,,,,,,,,,,,0.0,0.0,,,,,,,0.0,0.0,9.0,0,1,0,12,60.0,3,42.9,,,,2,66.7,13,72.2,4,100.0,50,0,4,2,1,,4,6,,1,0,1,0,0,82,0.0,1.1,0.0,13.17,60.0,3.29,42.86,,,,2.2,66.67,14.27,72.22,4.39,100.0,54.88,0.0,4.39,2.2,1.1,,4.39,6.59,,1.1,0.0,1.1,0.08,0.08,,0.02,3,6,1,0.79,0.08,0.08,,0.02,3.29,6.59,1.1,0.87,,,,,,,,,,,853966.73
1474341,Francis Westfield,Philadelphia Union,191716,https://www.fotmob.com/players/1474341/francis-westfield,Right Back,RB,defenders,,39,20,USA,Right,$2.3m,1993287,€2m,2028-12-31,MLS,Eastern,Major League Soccer,2026,,,7.1,11,893,1,0,,,,,,,,,,,,,,,1,0,,,7.10,11,11,,,,,,,,,,,,,,,,0.1,0.0,,,,,,,0.0,2.0,11.0,0,13,2,205,63.5,21,39.6,15,16,26.7,2,25.0,75,70.8,29,78.4,645,4,56,22,17,2,7,50,7,15,2,18,0,2,893,0.0,1.31,0.2,20.66,63.47,2.12,39.62,1.51,1.61,26.67,0.2,25.0,7.56,70.75,2.92,78.38,65.01,0.4,5.64,2.22,1.71,0.2,0.71,5.04,0.71,1.51,0.2,1.81,0.69,0.69,2,1.62,28,22,4,16.56,0.07,0.07,0.2,0.16,2.82,2.22,0.4,1.67,0.12,2,0.01,0.2,5,0.5,,,,,2286300.19
1658739,Finn Sundstrom,Philadelphia Union II,191716,https://www.fotmob.com/players/1658739/finn-sundstrom,Center Back,CB,defenders,183 cm,66,19,USA,,$401.4k,350000,€350k,,MLS,Eastern,MLS Next Pro,2026,,,6.76,11,871,3,1,,,,,,,,,,,,,,,0,0,,,6.82,2,1,,,,,,,,,,,,,,,,0.0,0.0,,,,,,,1.0,0.0,10.0,0,0,0,7,53.8,,,,,,,,7,70.0,2,66.7,29,0,6,5,,,1,4,1,1,0,2,0,0,52,0.0,0.0,0.0,12.12,53.85,,,,,,,,12.12,70.0,3.46,66.67,50.19,0.0,10.38,8.65,,,1.73,6.92,1.73,1.73,0.0,3.46,,,,0.00,,,,1.38,,,,0.0,,,,2.39,,,,,,,,,,,401450.0
1257540,Jovan Lukic,Philadelphia Union,191716,https://www.fotmob.com/players/1257540/jovan-lukic,Central Midfielder,CM,midfielders,180 cm,4,24,Serbia,Left,$1.6m,1387243,€1.4m,2026-12-31,MLS,Eastern,Major League Soccer,2026,,,6.68,14,1041,4,0,,,,,,,,,,,,,,,4,0,,,6.68,14,12,,,,,,,,,,,,,,,,0.35,0.0,,,,,,,0.0,1.0,12.0,0,8,1,423,80.7,27,61.4,16,4,28.6,3,50.0,50,39.7,13,50.0,702,17,62,30,10,4,21,59,22,18,2,23,0,1,1041,0.0,0.69,0.09,36.57,80.73,2.33,61.36,1.38,0.35,28.57,0.26,50.0,4.32,39.68,1.12,50.0,60.69,1.47,5.36,2.59,0.86,0.35,1.82,5.1,1.9,1.56,0.17,1.99,0.50,0.50,,0.91,7,4,3,18.88,0.04,0.04,,0.08,0.61,0.35,0.26,1.63,,,,,2,0.17,,,,,1591167.72
1630736,Cavan Sullivan,Philadelphia Union II,191716,https://www.fotmob.com/players/1630736/cavan-sullivan,Right Midfielder,RM,midfielders,170 cm,6,16,USA,,$8.8m,7669910,€7.7m,,MLS,Eastern,MLS Next Pro,2025,,,7.8,14,973,0,0,,,,,,,,,,,,,,,1,0,,,6.67,13,6,,,,,,,,,,,,,,,,0.16,0.0,,,,,,,6.0,5.0,13.0,1,14,1,116,67.1,6,30.0,12,10,28.6,12,50.0,33,41.8,4,36.4,315,5,20,9,4,,14,24,11,7,0,15,1,1,549,0.16,2.3,0.16,19.02,67.05,0.98,30.0,1.97,1.64,28.57,1.97,50.0,5.41,41.77,0.66,36.36,51.64,0.82,3.28,1.48,0.66,,2.3,3.93,1.8,1.15,0.0,2.46,1.14,1.14,4,1.53,24,8,5,10.56,0.19,0.19,0.66,0.25,3.93,1.31,0.82,1.73,1.34,7,0.22,1.15,4,0.66,,,,,8797386.77
919208,Jesús Bueno,Philadelphia Union,191716,https://www.fotmob.com/players/919208/jes-s-bueno,Central Midfielder,CM,midfielders,178 cm,8,27,Venezuela,Right,$255.9k,223124,€223.1k,2026-12-31,MLS,Eastern,Major League Soccer,2026,,,6.82,9,467,1,0,,,,,,,,,,,,,,,1,0,,,6.82,9,6,,,,,,,,,,,,,,,,0.19,0.0,,,,,,,1.0,0.0,6.0,1,10,0,178,80.9,11,45.8,2,2,22.2,4,57.1,32,50.8,3,33.3,328,7,31,12,9,1,8,26,7,9,0,9,1,0,467,0.19,1.93,0.0,34.3,80.91,2.12,45.83,0.39,0.39,22.22,0.77,57.14,6.17,50.79,0.58,33.33,63.21,1.35,5.97,2.31,1.73,0.19,1.54,5.01,1.35,1.73,0.0,1.73,0.60,0.60,,0.32,9,13,,6.76,0.12,0.12,,0.06,1.73,2.51,,1.3,1.17,5,0.23,0.96,,,,,,,255923.23
1136311,Milan Iloski,Philadelphia Union,191716,https://www.fotmob.com/players/1136311/milan-iloski,Striker,ST,midfielders,177 cm,10,26,USA,Right,$2.1m,1795389,€1.8m,2027-12-31,MLS,Eastern,Major League Soccer,2026,,,7.08,15,1208,1,0,,,,,,,,,,,,,,,1,0,,,7.08,15,15,,,,,,,,,,,,,,,,0.07,0.0,,,,,,,7.0,1.0,15.0,7,51,1,236,68.6,13,33.3,25,30,34.5,6,33.3,40,41.7,12,46.2,608,8,16,6,6,,16,34,8,4,2,25,7,1,1208,0.52,3.8,0.07,17.58,68.6,0.97,33.33,1.86,2.24,34.48,0.45,33.33,2.98,41.67,0.89,46.15,45.3,0.6,1.19,0.45,0.45,,1.19,2.53,0.6,0.3,0.15,1.86,5.99,3.62,3,2.48,54,17,9,21.20,0.45,0.27,0.22,0.18,4.02,1.27,0.67,1.58,6.90,18,0.51,1.34,2,0.15,2,1,0.15,0.07,2059311.18
169217,Alejandro Bedoya,Philadelphia Union,191716,https://www.fotmob.com/players/169217/alejandro-bedoya,Right Midfielder,RM,midfielders,178 cm,11,39,USA,Right,$57.4k,50000,€50k,2026-12-31,MLS,Eastern,Major League Soccer,2026,,,6.43,8,197,1,0,,,,,,,,,,,,,,,1,0,,,6.43,8,1,,,,,,,,,,,,,,,,0.46,0.0,,,,,,,0.0,2.0,1.0,0,4,2,43,62.3,,,6,1,33.3,1,50.0,22,51.2,14,51.9,98,0,7,6,1,,6,4,1,,0,7,0,2,197,0.0,1.83,0.91,19.64,62.32,,,2.74,0.46,33.33,0.46,50.0,10.05,51.16,6.4,51.85,44.77,0.0,3.2,2.74,0.46,,2.74,1.83,0.46,,0.0,3.2,0.34,0.34,4,0.81,20,1,3,5.02,0.16,0.16,1.83,0.37,9.14,0.46,1.37,2.29,1.10,2,0.5,0.91,2,0.91,,,,,57350.0
1059451,Jeremy Rafanello,Philadelphia Union,191716,https://www.fotmob.com/players/1059451/jeremy-rafanello,Central Midfielder,CM,midfielders,183 cm,14,26,USA,,$141.9k,123703,€123.7k,2026-12-31,MLS,Eastern,Major League Soccer,2026,,,6.32,4,203,1,0,,,,,,,,,,,,,,,1,0,,,6.32,4,2,,,,,,,,,,,,,,,,0.44,0.0,,,,,,,0.0,0.0,2.0,0,3,0,93,81.6,4,44.4,5,2,66.7,,,8,40.0,3,75.0,143,4,5,2,1,,2,9,4,2,0,8,0,0,203,0.0,1.33,0.0,41.23,81.58,1.77,44.44,2.22,0.89,66.67,,,3.55,40.0,1.33,75.0,63.4,1.77,2.22,0.89,0.44,,0.89,3.99,1.77,0.89,0.0,3.55,0.05,0.05,,0.53,1,3,1,6.09,0.02,0.02,,0.23,0.44,1.33,0.44,2.7,0.03,1,0.01,0.44,,,,,,,141887.34
1338670,Ben Bender,Philadelphia Union,191716,https://www.fotmob.com/players/1338670/ben-bender,Left Back,LB,midfielders,182 cm,16,25,USA,,$233.9k,203962,€204k,,MLS,Eastern,Major League Soccer,2026,,,6.61,8,433,1,0,,,,,,,,,,,,,,,1,0,,,6.61,8,4,,,,,,,,,,,,,,,,0.21,0.0,,,,,,,1.0,0.0,4.0,1,6,0,135,75.0,7,25.0,9,5,29.4,3,60.0,28,70.0,5,71.4,315,4,37,13,10,2,4,31,1,12,0,13,1,0,433,0.21,1.25,0.0,28.06,75.0,1.45,25.0,1.87,1.04,29.41,0.62,60.0,5.82,70.0,1.04,71.43,65.47,0.83,7.69,2.7,2.08,0.42,0.83,6.44,0.21,2.49,0.0,2.7,0.27,0.27,,0.64,7,7,3,11.37,0.06,0.06,,0.13,1.45,1.45,0.62,2.36,0.12,2,0.02,0.42,,,,,,,233944.41
1101144,Indiana Vassilev,Philadelphia Union,191716,https://www.fotmob.com/players/1101144/indiana-vassilev,Left Midfielder,LM,midfielders,175 cm,19,25,USA,Left,$2.1m,1815617,€1.8m,2028-12-31,MLS,Eastern,Major League Soccer,2026,,,6.5,14,958,1,0,,,,,,,,,,,,,,,1,0,,,6.50,14,12,,,,,,,,,,,,,,,,0.09,0.0,,,,,,,1.0,0.0,12.0,1,11,0,229,80.1,3,23.1,11,9,26.5,10,50.0,38,38.0,6,35.3,449,17,16,12,3,,9,45,17,1,0,13,1,0,958,0.09,1.03,0.0,21.51,80.07,0.28,23.08,1.03,0.85,26.47,0.94,50.0,3.57,38.0,0.56,35.29,42.18,1.6,1.5,1.13,0.28,,0.85,4.23,1.6,0.09,0.0,1.22,1.48,0.69,,1.35,21,10,10,11.79,0.14,0.06,,0.13,1.97,0.94,0.94,1.11,1.89,4,0.18,0.38,2,0.19,1,,0.09,,2082512.7
1329461,Danley Jean Jacques,Philadelphia Union,191716,https://www.fotmob.com/players/1329461/danley-jean-jacques,Central Midfielder,CM,midfielders,180 cm,21,26,Haiti,Right,$2.2m,1875338,€1.9m,2026-12-31,MLS,Eastern,Major League Soccer,2026,,,6.97,14,1151,5,0,,,,,,,,,,,,,,,5,0,,,6.97,14,13,,,,,,,,,,,,,,,,0.39,0.0,,,,,,,2.0,0.0,13.0,2,14,0,393,80.5,20,48.8,7,3,20.0,5,50.0,43,50.6,9,47.4,647,4,57,19,19,2,16,80,8,17,1,29,2,0,1151,0.16,1.09,0.0,30.73,80.53,1.56,48.78,0.55,0.23,20.0,0.39,50.0,3.36,50.59,0.7,47.37,50.59,0.31,4.46,1.49,1.49,0.16,1.25,6.26,0.63,1.33,0.08,2.27,1.34,1.34,4,1.12,23,10,6,22.30,0.11,0.11,0.31,0.09,1.8,0.78,0.47,1.74,0.71,2,0.06,0.16,1,0.08,,,,,2151012.69
1171007,Quinn Sullivan,Philadelphia Union,191716,https://www.fotmob.com/players/1171007/quinn-sullivan,Right Midfielder,RM,midfielders,180 cm,33,22,USA,Right,$7.5m,6554221,€6.6m,2027-12-31,MLS,Eastern,Major League Soccer,2025,,,7.25,28,1968,3,0,,,,,,,,,,,,,,,3,0,,,7.25,28,24,,,,,,,,,,,,,,,,0.14,0.0,,,,,,,2.0,7.0,24.0,2,57,7,537,74.4,22,39.3,44,24,20.9,32,50.0,99,46.7,14,45.2,1227,30,58,35,7,,19,94,16,16,3,25,2,7,1968,0.09,2.61,0.32,24.56,74.38,1.01,39.29,2.01,1.1,20.87,1.46,50.0,4.53,46.7,0.64,45.16,56.11,1.37,2.65,1.6,0.32,,0.87,4.3,0.73,0.73,0.14,1.14,3.80,3.01,1,5.32,104,18,22,27.55,0.17,0.14,0.05,0.24,4.76,0.82,1.01,1.26,4.06,18,0.19,0.82,10,0.46,,,,,7517691.49
1441866,Bruno Damiani,Philadelphia Union,191716,https://www.fotmob.com/players/1441866/bruno-damiani,Striker,ST,attackers,185 cm,9,24,Uruguay,Left,$2.4m,2134027,€2.1m,2028-12-31,MLS,Eastern,Major League Soccer,2026,,,6.63,15,1114,2,0,,,,,,,,,,,,,,,2,0,,,6.63,15,13,,,,,,,,,,,,,,,,0.16,0.0,,,,,,,1.0,1.0,13.0,1,30,1,199,67.5,6,75.0,12,1,20.0,3,20.0,90,48.6,42,48.3,527,17,36,22,7,,24,41,3,7,1,25,1,1,1114,0.08,2.42,0.08,16.08,67.46,0.48,75.0,0.97,0.08,20.0,0.24,20.0,7.27,48.65,3.39,48.28,42.58,1.37,2.91,1.78,0.57,,1.94,3.31,0.24,0.57,0.08,2.02,3.27,3.27,11,0.65,73,26,13,20.97,0.26,0.26,0.89,0.05,5.9,2.1,1.05,1.69,1.86,4,0.15,0.32,1,0.08,,1,,0.08,2447728.97
1682121,Ezekiel Alladoh,Philadelphia Union,191716,https://www.fotmob.com/players/1682121/ezekiel-alladoh,Striker,ST,attackers,191 cm,23,20,Ghana,Left,$5.7m,4991352,€5m,2028-12-31,MLS,Eastern,Major League Soccer,2026,,,6.24,13,557,1,1,,,,,,,,,,,,,,,1,1,,,6.24,13,5,,,,,,,,,,,,,,,,0.16,0.16,,,,,,,0.0,1.0,5.0,0,8,1,97,62.2,2,33.3,8,,,2,33.3,46,50.5,34,59.6,249,9,10,4,3,,10,18,,3,2,9,0,1,557,0.0,1.29,0.16,15.67,62.18,0.32,33.33,1.29,,,0.32,33.33,7.43,50.55,5.49,59.65,40.23,1.45,1.62,0.65,0.48,,1.62,2.91,,0.48,0.32,1.45,1.15,1.15,2,0.41,24,7,4,7.92,0.19,0.19,0.32,0.07,3.88,1.13,0.65,1.28,0.17,2,0.03,0.32,1,0.16,,,,,5725080.74
1228079,Augustín Anello,Philadelphia Union,191716,https://www.fotmob.com/players/1228079/august-n-anello,Striker,ST,attackers,182 cm,28,24,USA,Right,$1.3m,1121420,€1.1m,2029-06-30,MLS,Eastern,Major League Soccer,2026,,,6.37,10,370,1,0,,,,,,,,,,,,,,,1,0,,,6.37,10,3,,,,,,,,,,,,,,,,0.24,0.0,,,,,,,1.0,1.0,3.0,1,14,1,75,63.6,1,25.0,7,2,18.2,4,44.4,18,43.9,9,100.0,201,10,4,,1,1,6,11,3,2,0,9,1,1,370,0.24,3.41,0.24,18.24,63.56,0.24,25.0,1.7,0.49,18.18,0.97,44.44,4.38,43.9,2.19,100.0,48.89,2.43,0.97,,0.24,0.24,1.46,2.68,0.73,0.49,0.0,2.19,1.44,1.44,,0.70,26,5,1,8.97,0.35,0.35,,0.17,6.32,1.22,0.24,2.18,2.62,6,0.64,1.46,2,0.49,,,,,1286268.74
1515624,Stas Korzeniowski,Philadelphia Union II,191716,https://www.fotmob.com/players/1515624/stas-korzeniowski,Striker,ST,attackers,193 cm,37,23,USA,,$356.0k,310341,€310.3k,,MLS,Eastern,MLS Next Pro,2026,,,8.26,4,327,1,0,,,,,,,,,,,,,,,0,0,,,6.39,6,1,,,,,,,,,,,,,,,,0.0,0.0,,,,,,,5.0,1.0,4.0,0,7,1,28,73.7,1,100.0,1,,,1,25.0,12,38.7,4,33.3,80,5,2,2,,,3,3,,,0,4,0,1,136,0.0,4.63,0.66,18.53,73.68,0.66,100.0,0.66,,,0.66,25.0,7.94,38.71,2.65,33.33,52.94,3.31,1.32,1.32,,,1.99,1.99,,,0.0,2.65,0.69,0.69,3,0.04,14,5,1,3.48,0.46,0.46,1.99,0.02,9.26,3.31,0.66,2.3,0.21,2,0.14,1.32,,,,1,,0.66,355961.13
1767542,Malik Jakupovic,Philadelphia Union II,191716,https://www.fotmob.com/players/1767542/malik-jakupovic,Striker,ST,attackers,191 cm,51,16,USA,,$22.9k,20000,€20k,,MLS,Eastern,MLS Next Pro,2026,,,7.0,10,829,2,0,,,,,,,,,,,,,,,2,0,,,6.40,4,0,,,,,,,,,,,,,,,,,,,,,,,,3.0,0.0,10.0,3.0,,0.0,,,,,,,,,,,,,,,,,,,,,,,,,,0,0,60,,,,,,,,,,,,,,,,,,,,,,,,,,,,,,,,,,,,,,,,,,,,,,,,,,,,,,,22940.0
1626967,Sal Olivas,Philadelphia Union II,191716,https://www.fotmob.com/players/1626967/sal-olivas,Striker,ST,attackers,191 cm,55,19,USA,,$1.1m,991355,€991.4k,,MLS,Eastern,MLS Next Pro,2026,,,5.92,8,377,0,1,,,,,,,,,,,,,,,0,1,,,,1,0,,,,,,,,,,,,,,,,,,,,,,,,0.0,0.0,4.0,0.0,,0.0,,,,,,,,,,,,,,,,,,,,,,,,,,0,0,7,,,,,,,,,,,,,,,,,,,,,,,,,,,,,,,,,,,,,,,,,,,,,,,,,,,,,,,1137084.18
1374959,Eddy Davis III,Philadelphia Union II,191716,https://www.fotmob.com/players/1374959/edward-davis,Striker,ST,attackers,183 cm,77,20,USA,Right,$91.8k,80000,€80k,,MLS,Eastern,MLS Next Pro,2026,,,6.38,7,456,0,0,,,,,,,,,,,,,,,0,0,,,6.38,7,6,,,,,,,,,,,,,,,,0.0,0.0,,,,,,,1.0,0.0,6.0,1,16,0,62,63.9,4,57.1,4,1,25.0,1,20.0,20,36.4,12,44.4,166,11,5,4,,,4,24,1,1,0,6,1,0,456,0.2,3.16,0.0,12.24,63.92,0.79,57.14,0.79,0.2,25.0,0.2,20.0,3.95,36.36,2.37,44.44,32.76,2.17,0.99,0.79,,,0.79,4.74,0.2,0.2,0.0,1.18,,,1,,14,3,,,,,0.2,,2.76,0.59,,,,7,,1.38,,,,,,,91760.0
