player_id,name,team,team_id,url,position,position_short,position_group,height_cm,shirt,age,country,preferred_foot,market_value_usd,market_value_eur,market_value,contract_end,league_name,league_group,season_league,season_year,All Competitions - Clean sheets,All Competitions - Goals conceded,All Competitions - Saved penalties,All Competitions - Rating,All Competitions - Matches,All Competitions - Minutes played,All Competitions - Yellow cards,All Competitions - Red cards,Goalkeeping - Saves,Goalkeeping - Save percentage,Goalkeeping - Goals conceded,Goalkeeping - Goals prevented,Goalkeeping - Clean sheets,Goalkeeping - Penalty saves,Goalkeeping - Penalties conceded,Goalkeeping - Penalty save %,Goalkeeping - Error led to goal,Goalkeeping - Acted as sweeper,Goalkeeping - High claims,Distribution - Accurate passes,Distribution - Pass accuracy,Distribution - Accurate long balls,Distribution - Long ball accuracy,Distribution - Chances created,Distribution - xA,Discipline - Yellow cards,Discipline - Red cards,Selected Competition - Conceded,Selected Competition - Clean sheets,Selected Competition - Rating,Selected Competition - Matches,Selected Competition - Started,Selected Competition - Penalties saved,Goalkeeping - Saves (per90),Goalkeeping - Save percentage (per90),Goalkeeping - Goals conceded (per90),Goalkeeping - Goals prevented (per90),Goalkeeping - Clean sheets (per90),Goalkeeping - Penalty saves (per90),Goalkeeping - Penalties conceded (per90),Goalkeeping - Penalty save % (per90),Goalkeeping - Error led to goal (per90),Goalkeeping - Acted as sweeper (per90),Goalkeeping - High claims (per90),Distribution - Accurate passes (per90),Distribution - Pass accuracy (per90),Distribution - Accurate long balls (per90),Distribution - Long ball accuracy (per90),Distribution - Chances created (per90),Distribution - xA (per90),Discipline - Yellow cards (per90),Discipline - Red cards (per90),All Competitions - Goals,All Competitions - Assists,All Competitions - Started,Shooting - Goals,Shooting - xG,Shooting - xGOT,Shooting - xG excl. penalty,Shooting - Shots,Shooting - Shots on target,Shooting - Headed shots,Passing - Assists,Passing - xA,Passing - Accurate passes,Passing - Pass accuracy,Passing - Accurate long balls,Passing - Long ball accuracy,Passing - Chances created,Passing - Big chances created,Passing - Successful crosses,Passing - Cross accuracy,Possession - Dribbles,Possession - Dribbles success rate,Possession - Duels won,Possession - Duels won %,Possession - Aerials won,Possession - Aerials won %,Possession - Touches,Possession - Touches in opposition box,Possession - Dispossessed,Possession - Fouls won,Defending - Defensive actions,Defending - Tackles,Defending - Interceptions,Defending - Blocked scoring attempt,Defending - Fouls committed,Defending - Recoveries,Defending - Possession won final 3rd,Defending - Dribbled past,Defending - Clearances,Defending - Clean sheets,Defending - Goals conceded while on pitch,Defending - xG against while on pitch,Selected Competition - Goals,Selected Competition - Assists,Selected Competition - Minutes,Shooting - Goals (per90),Shooting - xG (per90),Shooting - xGOT (per90),Shooting - xG excl. penalty (per90),Shooting - Shots (per90),Shooting - Shots on target (per90),Shooting - Headed shots (per90),Passing - Assists (per90),Passing - xA (per90),Passing - Accurate passes (per90),Passing - Pass accuracy (per90),Passing - Accurate long balls (per90),Passing - Long ball accuracy (per90),Passing - Chances created (per90),Passing - Big chances created (per90),Passing - Successful crosses (per90),Passing - Cross accuracy (per90),Possession - Dribbles (per90),Possession - Dribbles success rate (per90),Possession - Duels won (per90),Possession - Duels won % (per90),Possession - Aerials won (per90),Possession - Aerials won % (per90),Possession - Touches (per90),Possession - Touches in opposition box (per90),Possession - Dispossessed (per90),Possession - Fouls won (per90),Defending - Defensive actions (per90),Defending - Tackles (per90),Defending - Interceptions (per90),Defending - Blocked scoring attempt (per90),Defending - Fouls committed (per90),Defending - Recoveries (per90),Defending - Possession won final 3rd (per90),Defending - Dribbled past (per90),Defending - Clearances (per90),Defending - Clean sheets (per90),Defending - Goals conceded while on pitch (per90),Defending - xG against while on pitch (per90),Shooting - Penalty goals,Shooting - Penalty goals (per90),Possession - Penalties awarded,Possession - Penalties awarded (per90),market_value_usd_raw
168176,Stefan Frei,Seattle Sounders FC,130394,https://www.fotmob.com/players/168176/stefan-frei,Keeper,GK,keepers,190 cm,24,40,Switzerland,Right,$67.8k,59088,€59.1k,2027-12-31,MLS,Western,Major League Soccer,2025,9.0,36.0,0/3,6.88,29,2609,0,0,14,77.8,4,-1.14,1,0,0,0.0,0,1,4,75,68.8,16,32.0,1,0.01,1,0,4,1,7.21,4,4,0/1,3.5,77.78,1.0,-0.29,0.25,0.0,0.0,0.0,0.0,0.25,1.0,18.75,68.81,4.0,32.0,0.25,0.0,0.25,0.0,,,,,,,,,,,,,,,,,,,,,,,,,,,,,,,,,,,,,,,,9.0,,,,,,,,,,,,,,,,,,,,,,,,,,,,,,,,,,,,,,,,,,,,,,,,,67773.94
1268000,Andrew Thomas,Seattle Sounders FC,130394,https://www.fotmob.com/players/1268000/andrew-thomas,Keeper,GK,keepers,188 cm,26,27,USA,Right,$111.8k,97466,€97.5k,2027-12-31,MLS,Western,Major League Soccer,2026,5.0,11.0,,7.52,13,1170,0,0,41,78.8,11,5.97,5,,,,0,7,14,220,71.0,47,35.3,,0.01,0,0,11,5,7.52,13,13,0/0,3.15,78.85,0.85,0.46,0.38,,,,0.0,0.54,1.08,16.92,70.97,3.62,35.34,,0.0,0.0,0.0,,,,,,,,,,,,,,,,,,,,,,,,,,,,,,,,,,,,,,,,5.0,,,,,,,,,,,,,,,,,,,,,,,,,,,,,,,,,,,,,,,,,,,,,,,,,111793.5
1368350,Max Anchor,Tacoma Defiance,130394,https://www.fotmob.com/players/1368350/max-anchor,Keeper,GK,keepers,191 cm,50,21,Canada,Right,$530.7k,462706,€462.7k,,MLS,Western,MLS Next Pro,2026,3.0,8.0,1/2,7.3,9,810,1,0,30,78.9,8,,3,1,1,50.0,0,1,8,182,70.3,49,39.5,1,,1,0,8,3,7.30,9,9,1/2,3.33,78.95,0.89,,0.33,0.11,0.11,50.0,0.0,0.11,0.89,20.22,70.27,5.44,39.52,0.11,,0.11,0.0,,,,,,,,,,,,,,,,,,,,,,,,,,,,,,,,,,,,,,,,3.0,,,,,,,,,,,,,,,,,,,,,,,,,,,,,,,,,,,,,,,,,,,,,,,,,530723.78
797551,Nouhou Tolo,Seattle Sounders FC,130394,https://www.fotmob.com/players/797551/nouhou-tolo,Left Back,LB,defenders,178 cm,5,28,Cameroon,Left,$2.3m,2040187,€2m,2029-06-30,MLS,Western,Major League Soccer,2026,,,,7.37,13,1145,1,0,,,,,,,,,,,,,,,,,,1,0,,,7.37,13,13,,,,,,,,,,,,,,,,,,,0.08,0.0,0.0,1.0,13.0,0,0.15,0.26,0.15,3,2,1,1,1.28,671,90.3,15,27.8,8,1,7,31.8,5,45.5,55,60.4,9,50.0,1008,8,6,19,96,22,21,7,6,74,2,9,46,5,11,16.40,0,1,1145,0.0,0.01,0.02,0.01,0.24,0.16,0.08,0.08,0.1,52.74,90.31,1.18,27.78,0.63,0.08,0.55,31.82,0.39,45.45,4.32,60.44,0.71,50.0,79.23,0.63,0.47,1.49,7.55,1.73,1.65,0.55,0.47,5.82,0.16,0.71,3.62,0.39,0.86,1.29,,,,,2340094.49
1338687,Ryan Sailor,Tacoma Defiance,130394,https://www.fotmob.com/players/1338687/ryan-sailor,Center Back,CB,defenders,193 cm,4,27,USA,Right,$68.8k,60000,€60k,,MLS,Western,MLS Next Pro,2026,,,,6.44,2,74,0,0,,,,,,,,,,,,,,,,,,0,0,,,6.44,2,1,,,,,,,,,,,,,,,,,,,0.0,0.0,0.0,0.0,1.0,0,,,,0,,,0,,25,92.6,3,75.0,,,,,,,1,33.3,,,41,,0,,8,1,,1,1,3,,,6,0,0,,0,0,74,0.0,,,,0.0,,,0.0,,30.41,92.59,3.65,75.0,,,,,,,1.22,33.33,,,49.86,,0.0,,9.73,1.22,,1.22,1.22,3.65,,,7.3,0.0,0.0,,,,,,68820.0
924391,Alex Roldan,Seattle Sounders FC,130394,https://www.fotmob.com/players/924391/alex-roldan,Right Back,RB,defenders,178 cm,16,29,El Salvador,Right,$2.3m,1979772,€2m,2029-06-30,MLS,Western,Major League Soccer,2026,,,,7.38,11,739,2,0,,,,,,,,,,,,,,,,,,2,0,,,7.38,11,9,,,,,,,,,,,,,,,,,,,0.24,0.0,0.0,0.0,9.0,0,0.13,,0.13,5,,,0,0.68,495,85.6,29,47.5,5,2,3,33.3,6,60.0,48,65.8,13,65.0,727,4,4,8,71,21,15,9,5,38,1,6,26,2,7,9.74,0,0,739,0.0,0.02,,0.02,0.61,,,0.0,0.08,60.28,85.64,3.53,47.54,0.61,0.24,0.37,33.33,0.73,60.0,5.85,65.75,1.58,65.0,88.54,0.49,0.49,0.97,8.65,2.56,1.83,1.1,0.61,4.63,0.12,0.73,3.17,0.24,0.85,1.19,,,,,2270798.48
253836,Kee-Hee Kim,Seattle Sounders FC,130394,https://www.fotmob.com/players/253836/kee-hee-kim,Center Back,CB,defenders,188 cm,20,36,South Korea,Right,$67.2k,58562,€58.6k,2026-12-31,MLS,Western,Major League Soccer,2026,,,,6.54,1,63,0,0,,,,,,,,,,,,,,,,,,0,0,,,6.54,1,1,,,,,,,,,,,,,,,,,,,0.0,0.0,0.0,0.0,1.0,0,,,,0,,,0,0.01,33,89.2,2,40.0,,,,,,,1,50.0,,,43,,0,,4,1,,2,1,2,,,1,0,0,0.82,0,0,63,0.0,,,,0.0,,,0.0,0.01,47.14,89.19,2.86,40.0,,,,,,,1.43,50.0,,,61.43,,0.0,,5.71,1.43,,2.86,1.43,2.86,,,1.43,0.0,0.0,1.17,,,,,67170.61
1285885,Jackson Ragen,Seattle Sounders FC,130394,https://www.fotmob.com/players/1285885/jackson-ragen,Center Back,CB,defenders,198 cm,25,27,USA,Right,$2.1m,1863689,€1.9m,2027-12-31,MLS,Western,Major League Soccer,2026,,,,7.23,12,1058,3,0,,,,,,,,,,,,,,,,,,3,0,,,7.23,12,11,,,,,,,,,,,,,,,,,,,0.26,0.0,0.0,0.0,11.0,0,0.96,0.07,0.96,11,2,9,0,0.47,886,92.7,42,55.3,3,1,,,2,50.0,41,66.1,27,73.0,1109,18,0,2,103,10,8,11,5,59,2,4,74,4,10,16.61,0,0,1058,0.0,0.08,0.01,0.08,0.94,0.17,0.77,0.0,0.04,75.37,92.68,3.57,55.26,0.26,0.09,,,0.17,50.0,3.49,66.13,2.3,72.97,94.34,1.53,0.0,0.17,8.76,0.85,0.68,0.94,0.43,5.02,0.17,0.34,6.29,0.34,0.85,1.41,,,,,2137651.28
590039,Yeimar Gómez,Seattle Sounders FC,130394,https://www.fotmob.com/players/590039/yeimar-g-mez,Center Back,CB,defenders,187 cm,28,33,Colombia,Right,$433.2k,377645,€377.6k,2026-12-31,MLS,Western,Major League Soccer,2026,,,,7.04,3,171,0,0,,,,,,,,,,,,,,,,,,0,0,,,7.04,3,3,,,,,,,,,,,,,,,,,,,0.0,0.0,0.0,0.0,3.0,0,0.28,0.60,0.28,4,1,2,0,0.01,86,85.1,9,81.8,,,,,1,100.0,13,61.9,5,55.6,140,3,0,1,24,6,4,2,2,6,,2,12,1,2,1.43,0,0,171,0.0,0.15,0.31,0.15,2.11,0.53,1.05,0.0,0.01,45.26,85.15,4.74,81.82,,,,,0.53,100.0,6.84,61.9,2.63,55.56,73.68,1.58,0.0,0.53,12.63,3.16,2.11,1.05,1.05,3.16,,1.05,6.32,0.53,1.05,0.75,,,,,433158.82
1255486,Cody Baker,Tacoma Defiance,130394,https://www.fotmob.com/players/1255486/cody-baker,Right Back,RB,defenders,178 cm,33,22,USA,Right,$499.1k,435139,€435.1k,,MLS,Western,MLS Next Pro,2026,,,,6.82,6,425,1,0,,,,,,,,,,,,,,,,,,0,0,,,7.15,3,1,,,,,,,,,,,,,,,,,,,0.0,0.0,1.0,0.0,6.0,0,0.06,,0.06,1,,,0,0.01,23,71.9,,,,,,,,,9,75.0,1,50.0,62,3,1,4,9,4,,,,3,,,5,1,0,2.36,0,0,96,0.0,0.06,,0.06,0.94,,,0.0,0.01,21.56,71.88,,,,,,,,,8.44,75.0,0.94,50.0,58.12,2.81,0.94,3.75,8.44,3.75,,,,2.81,,,4.69,0.94,0.0,2.21,,,,,499104.43
1650945,Antino Lopez,Tacoma Defiance,130394,https://www.fotmob.com/players/1650945/antino-lopez,Center Back,CB,defenders,183 cm,35,24,USA,Right,$151.4k,132000,€132k,,MLS,Western,MLS Next Pro,2026,,,,6.21,3,234,1,0,,,,,,,,,,,,,,,,,,1,0,,,7.13,7,5,,,,,,,,,,,,,,,,,,,0.19,0.0,0.0,0.0,3.0,0,0.04,,0.04,2,,1,0,0.08,293,94.8,8,66.7,3,,,,2,100.0,14,53.8,3,37.5,373,3,1,4,43,5,4,8,4,18,,2,26,3,3,7.86,0,0,473,0.0,0.01,,0.01,0.38,,0.19,0.0,0.02,55.75,94.82,1.52,66.67,0.57,,,,0.38,100.0,2.66,53.85,0.57,37.5,70.97,0.57,0.19,0.76,8.18,0.95,0.76,1.52,0.76,3.42,,0.38,4.95,0.57,0.57,1.5,,,,,151404.0
1500405,Stuart Hawkins,Tacoma Defiance,130394,https://www.fotmob.com/players/1500405/stuart-russell-hawkins,Center Back,CB,defenders,190 cm,39,19,USA,Right,$103.2k,90000,€90k,,MLS,Western,MLS Next Pro,2026,,,,7.05,4,297,1,0,,,,,,,,,,,,,,,,,,1,0,,,7.05,4,4,,,,,,,,,,,,,,,,,,,0.3,0.0,1.0,0.0,4.0,1,,,,2,1,,0,,153,81.0,6,31.6,3,,1,100.0,1,33.3,10,45.5,4,44.4,235,4,1,1,29,4,6,4,3,15,,1,15,1,6,,1,0,297,0.3,,,,0.61,0.3,,0.0,,46.36,80.95,1.82,31.58,0.91,,0.3,100.0,0.3,33.33,3.03,45.45,1.21,44.44,71.21,1.21,0.3,0.3,8.79,1.21,1.82,1.21,0.91,4.55,,0.3,4.55,0.3,1.82,,,,,,103230.0
1610334,Kalani Rienzi,Seattle Sounders FC,130394,https://www.fotmob.com/players/1610334/kalani-rienzi,Right Back,RB,defenders,170 cm,85,23,USA,Right,$940.5k,820000,€820k,,MLS,Western,Major League Soccer,2026,,,,7.07,11,817,0,0,,,,,,,,,,,,,,,,,,0,0,,,7.07,11,8,,,,,,,,,,,,,,,,,,,0.0,0.0,1.0,0.0,8.0,1,0.88,1.35,0.88,8,4,2,0,1.48,378,83.3,10,40.0,10,2,6,30.0,6,50.0,40,55.6,3,37.5,654,30,6,10,50,21,12,,7,41,2,9,17,2,8,11.16,1,0,817,0.11,0.1,0.15,0.1,0.88,0.44,0.22,0.0,0.16,41.64,83.26,1.1,40.0,1.1,0.22,0.66,30.0,0.66,50.0,4.41,55.56,0.33,37.5,72.04,3.3,0.66,1.1,5.51,2.31,1.32,,0.77,4.52,0.22,0.99,1.87,0.22,0.88,1.23,,,,,940540.0
621946,Cristian Roldan,Seattle Sounders FC,130394,https://www.fotmob.com/players/621946/cristian-roldan,Defensive Midfielder,DM,midfielders,173 cm,7,31,USA,Right,$2.2m,1928900,€1.9m,2027-12-31,MLS,Western,Major League Soccer,2026,,,,7.36,12,954,1,0,,,,,,,,,,,,,,,,,,1,0,,,7.36,12,10,,,,,,,,,,,,,,,,,,,0.09,0.0,3.0,1.0,10.0,3,0.98,1.56,0.98,16,5,6,1,0.84,677,89.3,32,60.4,8,1,1,9.1,5,62.5,50,56.2,10,62.5,925,18,8,10,59,25,11,1,8,55,7,14,22,4,9,14.07,3,1,954,0.28,0.09,0.15,0.09,1.51,0.47,0.57,0.09,0.08,63.87,89.31,3.02,60.38,0.75,0.09,0.09,9.09,0.47,62.5,4.72,56.18,0.94,62.5,87.26,1.7,0.75,0.94,5.57,2.36,1.04,0.09,0.75,5.19,0.66,1.32,2.08,0.38,0.85,1.33,,,,,2212448.3
484858,Albert Rusnák,Seattle Sounders FC,130394,https://www.fotmob.com/players/484858/albert-rusn-k,Attacking Midfielder,AM,midfielders,180 cm,11,31,Slovakia,Both,$1.7m,1443014,€1.4m,2026-12-31,MLS,Western,Major League Soccer,2026,,,,7.3,12,835,0,0,,,,,,,,,,,,,,,,,,0,0,,,7.30,12,8,,,,,,,,,,,,,,,,,,,0.0,0.0,3.0,3.0,8.0,3,3.35,3.25,1.78,21,8,2,3,2.10,358,87.3,8,66.7,26,6,20,29.9,5,62.5,14,38.9,1,16.7,554,22,5,3,11,6,1,,3,26,6,6,4,1,8,12.94,3,3,835,0.32,0.36,0.35,0.19,2.26,0.86,0.22,0.32,0.23,38.59,87.32,0.86,66.67,2.8,0.65,2.16,29.85,0.54,62.5,1.51,38.89,0.11,16.67,59.71,2.37,0.54,0.32,1.19,0.65,0.11,,0.32,2.8,0.65,0.65,0.43,0.11,0.86,1.39,2,0.22,,,1655137.06
1026098,Hassani Dotson,Seattle Sounders FC,130394,https://www.fotmob.com/players/1026098/hassani-dotson,Defensive Midfielder,DM,midfielders,180 cm,31,28,USA,Right,$2.0m,1758175,€1.8m,2028-06-30,MLS,Western,Major League Soccer,2026,,,,6.51,10,566,3,0,,,,,,,,,,,,,,,,,,3,0,,,6.51,10,7,,,,,,,,,,,,,,,,,,,0.48,0.0,0.0,0.0,7.0,0,0.14,,0.14,4,,,0,0.48,288,88.9,11,78.6,3,1,1,33.3,1,33.3,28,43.1,8,42.1,404,5,10,9,28,11,9,1,8,17,1,6,7,1,6,6.64,0,0,566,0.0,0.02,,0.02,0.64,,,0.0,0.08,45.8,88.89,1.75,78.57,0.48,0.16,0.16,33.33,0.16,33.33,4.45,43.08,1.27,42.11,64.24,0.8,1.59,1.43,4.45,1.75,1.43,0.16,1.27,2.7,0.16,0.95,1.11,0.16,0.95,1.06,,,,,2016626.72
1626995,Yu Tsukanome,Tacoma Defiance,130394,https://www.fotmob.com/players/1626995/yu-tsukanome,Attacking Midfielder,AM,midfielders,175 cm,36,25,Japan,Right,$40.1k,35000,€35k,,MLS,Western,MLS Next Pro,2026,,,,7.23,10,843,1,0,,,,,,,,,,,,,,,,,,1,0,,,7.23,10,10,,,,,,,,,,,,,,,,,,,0.11,0.0,5.0,0.0,10.0,5,,,,19,10,2,0,,234,77.7,17,70.8,13,2,2,40.0,11,64.7,42,43.8,7,53.8,448,43,19,12,24,12,4,,17,19,,6,8,1,11,,5,0,843,0.53,,,,2.03,1.07,0.21,0.0,,24.98,77.74,1.81,70.83,1.39,0.21,0.21,40.0,1.17,64.71,4.48,43.75,0.75,53.85,47.83,4.59,2.03,1.28,2.56,1.28,0.43,,1.81,2.03,,0.64,0.85,0.11,1.17,,1,0.11,,,40145.0
1529380,Snyder Brunell,Seattle Sounders FC,130394,https://www.fotmob.com/players/1529380/snyder-brunell,Defensive Midfielder,DM,midfielders,178 cm,37,19,USA,Both,$699.7k,610000,€610k,,MLS,Western,Major League Soccer,2026,,,,6.77,13,777,2,0,,,,,,,,,,,,,,,,,,2,0,,,6.77,13,8,,,,,,,,,,,,,,,,,,,0.23,0.0,0.0,1.0,8.0,0,1.00,0.96,1.00,13,6,,1,1.25,327,82.6,6,42.9,8,2,2,22.2,6,46.2,32,38.6,7,41.2,542,22,15,5,40,14,14,6,12,31,4,7,6,0,7,10.34,0,1,777,0.0,0.12,0.11,0.12,1.51,0.69,,0.12,0.15,37.88,82.58,0.69,42.86,0.93,0.23,0.23,22.22,0.69,46.15,3.71,38.55,0.81,41.18,62.78,2.55,1.74,0.58,4.63,1.62,1.62,0.69,1.39,3.59,0.46,0.81,0.69,0.0,0.81,1.2,,,,,699670.0
1387072,Nikola Petkovic,Seattle Sounders FC,130394,https://www.fotmob.com/players/1387072/nikola-petkovic,Defensive Midfielder,DM,midfielders,181 cm,44,23,Serbia,Right,$783.2k,682868,€682.9k,,MLS,Western,Major League Soccer,2026,,,,6.88,4,135,2,0,,,,,,,,,,,,,,,,,,2,0,,,6.88,4,2,,,,,,,,,,,,,,,,,,,1.33,0.0,0.0,0.0,2.0,0,0.30,0.34,0.30,5,2,1,0,0.28,88,84.6,7,63.6,1,,,,,,5,38.5,1,50.0,132,3,3,2,9,2,,2,3,8,1,,5,0,0,1.96,0,0,135,0.0,0.2,0.23,0.2,3.33,1.33,0.67,0.0,0.18,58.67,84.62,4.67,63.64,0.67,,,,,,3.33,38.46,0.67,50.0,88.0,2.0,2.0,1.33,6.0,1.33,,1.33,2.0,5.33,0.67,,3.33,0.0,0.0,1.31,,,,,783249.6
1083216,Peter Kingston,Tacoma Defiance,130394,https://www.fotmob.com/players/1083216/peter-kingston,Central Midfielder,CM,midfielders,175 cm,45,24,USA,Right,$126.2k,110000,€110k,,MLS,Western,MLS Next Pro,2026,,,,6.98,4,342,2,0,,,,,,,,,,,,,,,,,,3,0,,,6.54,9,2,,,,,,,,,,,,,,,,,,,1.13,0.0,0.0,0.0,4.0,0,0.30,0.45,0.30,5,2,,0,0.17,96,85.0,8,80.0,2,,,,2,100.0,16,48.5,4,57.1,171,4,4,1,20,9,1,3,10,11,,,7,0,2,4.86,0,0,239,0.0,0.11,0.17,0.11,1.88,0.75,,0.0,0.06,36.15,84.96,3.01,80.0,0.75,,,,0.75,100.0,6.03,48.48,1.51,57.14,64.39,1.51,1.51,0.38,7.53,3.39,0.38,1.13,3.77,4.14,,,2.64,0.0,0.75,1.83,,,,,126170.0
825608,Jesús Ferreira,Seattle Sounders FC,130394,https://www.fotmob.com/players/825608/jes-s-ferreira,Right Winger,RW,attackers,175 cm,9,25,USA,Right,$4.3m,3781690,€3.8m,2027-12-31,MLS,Western,Major League Soccer,2026,,,,7.38,13,865,1,0,,,,,,,,,,,,,,,,,,1,0,,,7.38,13,11,,,,,,,,,,,,,,,,,,,0.1,0.0,2.0,3.0,11.0,2,2.79,4.35,2.00,20,10,5,3,2.78,346,78.6,14,53.8,28,5,11,32.4,13,81.2,32,54.2,1,20.0,610,44,7,5,31,13,12,,9,42,11,4,6,0,10,11.93,2,3,865,0.21,0.29,0.45,0.21,2.08,1.04,0.52,0.31,0.29,36.0,78.64,1.46,53.85,2.91,0.52,1.14,32.35,1.35,81.25,3.33,54.24,0.1,20.0,63.47,4.58,0.73,0.52,3.23,1.35,1.25,,0.94,4.37,1.14,0.42,0.62,0.0,1.04,1.24,,,,,4337598.43
962665,Pedro De la Vega,Seattle Sounders FC,130394,https://www.fotmob.com/players/962665/pedro-de-la-vega,Left Winger,LW,attackers,172 cm,10,25,Argentina,Right,$2.4m,2079267,€2.1m,2027-12-31,MLS,Western,Major League Soccer,2025,,,,6.97,26,1178,0,0,,,,,,,,,,,,,,,,,,0,0,,,6.97,26,15,,,,,,,,,,,,,,,,,,,0.0,0.0,4.0,4.0,15.0,4,2.82,2.48,2.82,38,9,,4,1.89,398,86.5,12,57.1,19,6,5,12.8,34,54.0,85,51.8,8,57.1,753,49,18,24,32,19,8,1,16,70,15,11,,0,16,15.91,4,4,1178,0.31,0.22,0.19,0.22,2.9,0.69,,0.31,0.14,30.41,86.52,0.92,57.14,1.45,0.46,0.38,12.82,2.6,53.97,6.49,51.83,0.61,57.14,57.53,3.74,1.38,1.83,2.44,1.45,0.61,0.08,1.22,5.35,1.15,0.84,,0.0,1.22,1.22,,,,,2384919.25
578643,Jordan Morris,Seattle Sounders FC,130394,https://www.fotmob.com/players/578643/jordan-morris,Striker,ST,attackers,180 cm,13,31,USA,Right,$2.0m,1771142,€1.8m,2027-12-31,MLS,Western,Major League Soccer,2026,,,,6.89,10,541,0,0,,,,,,,,,,,,,,,,,,0,0,,,6.89,10,6,,,,,,,,,,,,,,,,,,,0.0,0.0,1.0,2.0,6.0,1,2.47,3.12,2.47,14,7,7,2,1.43,85,73.9,1,100.0,10,4,,,5,62.5,32,59.3,17,54.8,185,42,1,5,7,5,2,,2,17,5,2,,0,8,8.87,1,2,541,0.17,0.41,0.52,0.41,2.33,1.16,1.16,0.33,0.24,14.14,73.91,0.17,100.0,1.66,0.67,,,0.83,62.5,5.32,59.26,2.83,54.84,30.78,6.99,0.17,0.83,1.16,0.83,0.33,,0.33,2.83,0.83,0.33,,0.0,1.33,1.48,,,,,2031499.87
861186,Paul Rothrock,Seattle Sounders FC,130394,https://www.fotmob.com/players/861186/paul-rothrock,Left Winger,LW,attackers,173 cm,14,27,USA,Right,$2.1m,1805360,€1.8m,2029-06-30,MLS,Western,Major League Soccer,2026,,,,7.23,12,912,1,0,,,,,,,,,,,,,,,,,,1,0,,,7.23,12,9,,,,,,,,,,,,,,,,,,,0.1,0.0,4.0,1.0,9.0,4,1.33,2.45,1.33,16,8,3,1,1.76,214,82.3,1,16.7,14,4,9,26.5,12,36.4,60,48.0,8,50.0,506,54,13,23,34,18,8,4,15,42,15,9,4,2,9,13.55,4,1,912,0.39,0.13,0.24,0.13,1.58,0.79,0.3,0.1,0.17,21.12,82.31,0.1,16.67,1.38,0.39,0.89,26.47,1.18,36.36,5.92,48.0,0.79,50.0,49.93,5.33,1.28,2.27,3.36,1.78,0.79,0.39,1.48,4.14,1.48,0.89,0.39,0.2,0.89,1.34,,,2,0.2,2070747.92
462244,Paul Arriola,Seattle Sounders FC,130394,https://www.fotmob.com/players/462244/paul-arriola,Left Winger,LW,attackers,165 cm,17,31,USA,Right,$2.0m,1768415,€1.8m,2027-12-31,MLS,Western,Major League Soccer,2026,,,,6.45,8,235,1,0,,,,,,,,,,,,,,,,,,1,0,,,6.45,8,3,,,,,,,,,,,,,,,,,,,0.38,0.0,0.0,0.0,3.0,0,0.98,0.60,0.98,5,1,2,0,0.67,81,84.4,2,50.0,3,1,3,33.3,2,66.7,8,47.1,1,50.0,148,13,4,3,7,2,3,,1,10,4,2,2,0,1,4.24,0,0,235,0.0,0.38,0.23,0.38,1.91,0.38,0.77,0.0,0.26,31.02,84.38,0.77,50.0,1.15,0.38,1.15,33.33,0.77,66.67,3.06,47.06,0.38,50.0,56.68,4.98,1.53,1.15,2.68,0.77,1.15,,0.38,3.83,1.53,0.77,0.77,0.0,0.38,1.62,,,,,2028372.0
933625,Danny Musovski,Seattle Sounders FC,130394,https://www.fotmob.com/players/933625/danny-musovski,Striker,ST,attackers,182 cm,19,30,North Macedonia,Right,$1.5m,1286419,€1.3m,2028-06-30,MLS,Western,Major League Soccer,2026,,,,6.37,12,557,1,0,,,,,,,,,,,,,,,,,,1,0,,,6.37,12,7,,,,,,,,,,,,,,,,,,,0.16,0.0,1.0,0.0,7.0,1,3.34,3.31,3.34,15,8,3,0,0.31,68,79.1,,,6,2,,,4,44.4,23,31.5,13,32.5,163,33,10,3,7,3,,1,7,6,3,1,3,0,4,7.93,1,0,557,0.16,0.54,0.53,0.54,2.42,1.29,0.48,0.0,0.05,10.99,79.07,,,0.97,0.32,,,0.65,44.44,3.72,31.51,2.1,32.5,26.34,5.33,1.62,0.48,1.13,0.48,,0.16,1.13,0.97,0.48,0.16,0.48,0.0,0.65,1.28,,,,,1475522.59
1660654,Sebastian Gomez,Tacoma Defiance,130394,https://www.fotmob.com/players/1660654/sebastian-gomez,Left Winger,LW,attackers,173 cm,90,20,USA,Right,$45.9k,40000,€40k,,MLS,Western,MLS Next Pro,2026,,,,6.89,9,704,0,0,,,,,,,,,,,,,,,,,,0,0,,,6.07,1,0,,,,,,,,,,,,,,,,,,,,,0.0,2.0,9.0,0.0,,,,,,,2.0,,,,,,,,,,,,,,,,,,,,,,,,,,,,,,,,0,0,14,,,,,,,,,,,,,,,,,,,,,,,,,,,,,,,,,,,,,,,,,,,,45880.0
1136487,Osaze De Rosario,Tacoma Defiance,130394,https://www.fotmob.com/players/1136487/osaze-de-rosario,Striker,ST,attackers,188 cm,95,24,Guyana,Right,$854.3k,744784,€744.8k,,MLS,Western,MLS Next Pro,2026,,,,7.24,1,60,0,0,,,,,,,,,,,,,,,,,,0,0,,,6.61,11,4,,,,,,,,,,,,,,,,,,,0.0,0.0,1.0,0.0,1.0,2,1.07,1.50,1.07,10,3,4,0,0.20,49,69.0,,,3,,,,6,54.5,33,51.6,14,58.3,147,15,10,8,8,5,1,,6,16,3,1,2,0,4,5.29,2,0,357,0.5,0.27,0.38,0.27,2.52,0.76,1.01,0.0,0.05,12.35,69.01,,,0.76,,,,1.51,54.55,8.32,51.56,3.53,58.33,37.06,3.78,2.52,2.02,2.02,1.26,0.25,,1.51,4.03,0.76,0.25,0.5,0.0,1.01,1.33,,,,,854267.25
